observation_index,alarm_category,primary_split,statistic,feature,contribution,absolute_contribution,absolute_rank
1113,t2 alarm only,train,T2,Sensor_1,-0.03558564941534633,0.03558564941534633,39
1113,t2 alarm only,train,T2,Sensor_2,-0.003955061572208119,0.003955061572208119,78
1113,t2 alarm only,train,T2,Sensor_3,-0.0012049230331338872,0.0012049230331338872,88
1113,t2 alarm only,train,T2,Sensor_4,-0.03404421408561707,0.03404421408561707,41
1113,t2 alarm only,train,T2,Sensor_5,-0.0034414891195732175,0.0034414891195732175,82
1113,t2 alarm only,train,T2,Sensor_6,-0.0011719225823269648,0.0011719225823269648,89
1113,t2 alarm only,train,T2,Sensor_7,-0.00406593301334946,0.00406593301334946,77
1113,t2 alarm only,train,T2,Sensor_8,-0.021954656994508,0.021954656994508,52
1113,t2 alarm only,train,T2,Sensor_9,0.05056890045985839,0.05056890045985839,31
1113,t2 alarm only,train,T2,Sensor_10,-0.04612830026838212,0.04612830026838212,35
1113,t2 alarm only,train,T2,Sensor_11,-0.22029810918240694,0.22029810918240694,14
1113,t2 alarm only,train,T2,Sensor_12,-0.016222992497760817,0.016222992497760817,58
1113,t2 alarm only,train,T2,Sensor_13,-0.0012769604423825097,0.0012769604423825097,86
1113,t2 alarm only,train,T2,Sensor_14,0.001272033869262066,0.001272033869262066,87
1113,t2 alarm only,train,T2,Sensor_15,1.595533064964322e-05,1.595533064964322e-05,95
1113,t2 alarm only,train,T2,Sensor_16,-0.03147797984743461,0.03147797984743461,43
1113,t2 alarm only,train,T2,Sensor_17,0.003452609433891717,0.003452609433891717,81
1113,t2 alarm only,train,T2,Sensor_18,-0.03095396268229486,0.03095396268229486,44
1113,t2 alarm only,train,T2,Sensor_19,0.012613690376237439,0.012613690376237439,63
1113,t2 alarm only,train,T2,Sensor_20,0.0007448271255050912,0.0007448271255050912,93
1113,t2 alarm only,train,T2,Sensor_21,0.012207205861588034,0.012207205861588034,65
1113,t2 alarm only,train,T2,Sensor_22,0.038169914669458994,0.038169914669458994,37
1113,t2 alarm only,train,T2,Sensor_23,0.03531376876811343,0.03531376876811343,40
1113,t2 alarm only,train,T2,Sensor_24,0.027150620602813896,0.027150620602813896,51
1113,t2 alarm only,train,T2,Sensor_25,-0.010011552994737535,0.010011552994737535,69
1113,t2 alarm only,train,T2,Sensor_27,-0.1422743345807363,0.1422743345807363,18
1113,t2 alarm only,train,T2,Sensor_28,0.02915392449392821,0.02915392449392821,46
1113,t2 alarm only,train,T2,Sensor_29,0.046757948180259294,0.046757948180259294,34
1113,t2 alarm only,train,T2,Sensor_30,0.048332937147413275,0.048332937147413275,33
1113,t2 alarm only,train,T2,Sensor_31,0.005719747076480069,0.005719747076480069,76
1113,t2 alarm only,train,T2,Sensor_32,0.0034737329461280836,0.0034737329461280836,80
1113,t2 alarm only,train,T2,Sensor_33,0.12985824141285557,0.12985824141285557,19
1113,t2 alarm only,train,T2,Sensor_34,0.09069547708852291,0.09069547708852291,22
1113,t2 alarm only,train,T2,Sensor_35,-0.028646322376149468,0.028646322376149468,48
1113,t2 alarm only,train,T2,Sensor_36,0.494948263239527,0.494948263239527,8
1113,t2 alarm only,train,T2,Sensor_37,-0.01616275215031211,0.01616275215031211,59
1113,t2 alarm only,train,T2,Sensor_38,-0.0019155298103387351,0.0019155298103387351,84
1113,t2 alarm only,train,T2,Sensor_39,0.05184393258209129,0.05184393258209129,30
1113,t2 alarm only,train,T2,Sensor_40,0.007275041947545882,0.007275041947545882,73
1113,t2 alarm only,train,T2,Sensor_41,-0.09333028025632496,0.09333028025632496,20
1113,t2 alarm only,train,T2,Sensor_42,-0.019674330892927812,0.019674330892927812,56
1113,t2 alarm only,train,T2,Sensor_43,0.011510204823959575,0.011510204823959575,67
1113,t2 alarm only,train,T2,Sensor_44,-0.20295556700570955,0.20295556700570955,16
1113,t2 alarm only,train,T2,Sensor_45,-0.015654987695441665,0.015654987695441665,60
1113,t2 alarm only,train,T2,Sensor_46,-0.0008792723878668913,0.0008792723878668913,91
1113,t2 alarm only,train,T2,Sensor_47,-0.00812404207676037,0.00812404207676037,71
1113,t2 alarm only,train,T2,Sensor_48,-0.006232737572192048,0.006232737572192048,75
1113,t2 alarm only,train,T2,Sensor_49,-0.009262612857992377,0.009262612857992377,70
1113,t2 alarm only,train,T2,Sensor_50,-0.0608152753785992,0.0608152753785992,26
1113,t2 alarm only,train,T2,Sensor_51,-0.05519804866727797,0.05519804866727797,27
1113,t2 alarm only,train,T2,Sensor_52,692.4989732577579,692.4989732577579,4
1113,t2 alarm only,train,T2,Sensor_53,862.6930321917685,862.6930321917685,1
1113,t2 alarm only,train,T2,Sensor_54,-0.25065328887950106,0.25065328887950106,12
1113,t2 alarm only,train,T2,Sensor_55,-0.04998869611016692,0.04998869611016692,32
1113,t2 alarm only,train,T2,Sensor_56,862.6784299446081,862.6784299446081,2
1113,t2 alarm only,train,T2,Sensor_57,0.20609586821232634,0.20609586821232634,15
1113,t2 alarm only,train,T2,Sensor_58,0.03401692358555119,0.03401692358555119,42
1113,t2 alarm only,train,T2,Sensor_59,-0.0007592007451894328,0.0007592007451894328,92
1113,t2 alarm only,train,T2,Sensor_60,-0.019669710787244794,0.019669710787244794,57
1113,t2 alarm only,train,T2,Sensor_61,0.0004037821375190713,0.0004037821375190713,94
1113,t2 alarm only,train,T2,Sensor_62,0.0011556335814819172,0.0011556335814819172,90
1113,t2 alarm only,train,T2,Sensor_64,0.007318719430883543,0.007318719430883543,72
1113,t2 alarm only,train,T2,Sensor_65,-0.020991133850303993,0.020991133850303993,53
1113,t2 alarm only,train,T2,Sensor_66,0.01999063551994063,0.01999063551994063,54
1113,t2 alarm only,train,T2,Sensor_67,0.027453971233929723,0.027453971233929723,49
1113,t2 alarm only,train,T2,Sensor_68,0.027246376217988685,0.027246376217988685,50
1113,t2 alarm only,train,T2,Sensor_69,2.4954040730718585,2.4954040730718585,6
1113,t2 alarm only,train,T2,Sensor_70,652.7603431323874,652.7603431323874,5
1113,t2 alarm only,train,T2,Sensor_71,0.22399444223057682,0.22399444223057682,13
1113,t2 alarm only,train,T2,Sensor_72,0.07651479609604327,0.07651479609604327,23
1113,t2 alarm only,train,T2,Sensor_73,729.4173939184446,729.4173939184446,3
1113,t2 alarm only,train,T2,Sensor_74,0.06584872591760843,0.06584872591760843,25
1113,t2 alarm only,train,T2,Sensor_75,0.2663726723902137,0.2663726723902137,11
1113,t2 alarm only,train,T2,Sensor_76,0.053319864096178636,0.053319864096178636,29
1113,t2 alarm only,train,T2,Sensor_77,-0.003535677476747813,0.003535677476747813,79
1113,t2 alarm only,train,T2,Sensor_78,0.012585209476229204,0.012585209476229204,64
1113,t2 alarm only,train,T2,Sensor_79,-0.0026296987243254063,0.0026296987243254063,83
1113,t2 alarm only,train,T2,Sensor_80,-0.043277157079402134,0.043277157079402134,36
1113,t2 alarm only,train,T2,Sensor_81,0.26728103528037706,0.26728103528037706,9
1113,t2 alarm only,train,T2,Sensor_82,0.16550886885716704,0.16550886885716704,17
1113,t2 alarm only,train,T2,Sensor_83,-0.0018102989165910796,0.0018102989165910796,85
1113,t2 alarm only,train,T2,Sensor_84,-0.06725729740404303,0.06725729740404303,24
1113,t2 alarm only,train,T2,Sensor_85,0.2672758484174671,0.2672758484174671,10
1113,t2 alarm only,train,T2,Sensor_86,-0.03597772643620058,0.03597772643620058,38
1113,t2 alarm only,train,T2,Sensor_87,0.05378198562582844,0.05378198562582844,28
1113,t2 alarm only,train,T2,Sensor_88,0.006944784381824156,0.006944784381824156,74
1113,t2 alarm only,train,T2,Sensor_89,0.09227326100871892,0.09227326100871892,21
1113,t2 alarm only,train,T2,Sensor_90,0.4949485292742961,0.4949485292742961,7
1113,t2 alarm only,train,T2,Sensor_91,-0.01269928272385943,0.01269928272385943,62
1113,t2 alarm only,train,T2,Sensor_92,0.028788028116260734,0.028788028116260734,47
1113,t2 alarm only,train,T2,Sensor_93,-0.010525738447101158,0.010525738447101158,68
1113,t2 alarm only,train,T2,Sensor_94,0.01294253604768829,0.01294253604768829,61
1113,t2 alarm only,train,T2,Sensor_95,0.01985563526340033,0.01985563526340033,55
1113,t2 alarm only,train,T2,Sensor_96,0.030125910182236974,0.030125910182236974,45
1113,t2 alarm only,train,T2,Sensor_97,0.011827834205114305,0.011827834205114305,66
1113,t2 alarm only,train,Q,Sensor_1,0.0204663656832886,0.0204663656832886,24
1113,t2 alarm only,train,Q,Sensor_2,0.0011830983644284237,0.0011830983644284237,68
1113,t2 alarm only,train,Q,Sensor_3,0.001910467708229273,0.001910467708229273,57
1113,t2 alarm only,train,Q,Sensor_4,0.02273479775368531,0.02273479775368531,23
1113,t2 alarm only,train,Q,Sensor_5,0.001140909606790481,0.001140909606790481,69
1113,t2 alarm only,train,Q,Sensor_6,0.0018948403386460158,0.0018948403386460158,58
1113,t2 alarm only,train,Q,Sensor_7,0.0013529266801311393,0.0013529266801311393,66
1113,t2 alarm only,train,Q,Sensor_8,0.00016183833121774605,0.00016183833121774605,85
1113,t2 alarm only,train,Q,Sensor_9,0.042539725916759676,0.042539725916759676,16
1113,t2 alarm only,train,Q,Sensor_10,0.0611815448114171,0.0611815448114171,14
1113,t2 alarm only,train,Q,Sensor_11,0.003220263359213508,0.003220263359213508,50
1113,t2 alarm only,train,Q,Sensor_12,0.00016723205660231172,0.00016723205660231172,84
1113,t2 alarm only,train,Q,Sensor_13,0.0035279738057248395,0.0035279738057248395,47
1113,t2 alarm only,train,Q,Sensor_14,5.954555098506378e-05,5.954555098506378e-05,93
1113,t2 alarm only,train,Q,Sensor_15,0.019062739348074762,0.019062739348074762,26
1113,t2 alarm only,train,Q,Sensor_16,0.02509153145499739,0.02509153145499739,20
1113,t2 alarm only,train,Q,Sensor_17,0.003386774236001556,0.003386774236001556,48
1113,t2 alarm only,train,Q,Sensor_18,0.02734171694507108,0.02734171694507108,19
1113,t2 alarm only,train,Q,Sensor_19,0.001730408194376306,0.001730408194376306,62
1113,t2 alarm only,train,Q,Sensor_20,0.00011976641656957744,0.00011976641656957744,88
1113,t2 alarm only,train,Q,Sensor_21,0.001394578655188829,0.001394578655188829,65
1113,t2 alarm only,train,Q,Sensor_22,0.04577052856709927,0.04577052856709927,15
1113,t2 alarm only,train,Q,Sensor_23,0.0068026349729986,0.0068026349729986,36
1113,t2 alarm only,train,Q,Sensor_24,0.001983268274140157,0.001983268274140157,53
1113,t2 alarm only,train,Q,Sensor_25,0.0015127954444109314,0.0015127954444109314,63
1113,t2 alarm only,train,Q,Sensor_27,0.0007428256981393043,0.0007428256981393043,73
1113,t2 alarm only,train,Q,Sensor_28,0.00409878515081675,0.00409878515081675,44
1113,t2 alarm only,train,Q,Sensor_29,0.006027514176645225,0.006027514176645225,38
1113,t2 alarm only,train,Q,Sensor_30,0.09668117945083365,0.09668117945083365,8
1113,t2 alarm only,train,Q,Sensor_31,0.0008871632678250521,0.0008871632678250521,72
1113,t2 alarm only,train,Q,Sensor_32,0.01166677115922978,0.01166677115922978,31
1113,t2 alarm only,train,Q,Sensor_33,0.4932941737400631,0.4932941737400631,5
1113,t2 alarm only,train,Q,Sensor_34,0.007468840245086382,0.007468840245086382,34
1113,t2 alarm only,train,Q,Sensor_35,0.002557210472203,0.002557210472203,52
1113,t2 alarm only,train,Q,Sensor_36,0.0018874089949959328,0.0018874089949959328,59
1113,t2 alarm only,train,Q,Sensor_37,0.004181203987193072,0.004181203987193072,43
1113,t2 alarm only,train,Q,Sensor_38,0.0006568379853873686,0.0006568379853873686,74
1113,t2 alarm only,train,Q,Sensor_39,0.013831286897309029,0.013831286897309029,29
1113,t2 alarm only,train,Q,Sensor_40,0.007323629167291789,0.007323629167291789,35
1113,t2 alarm only,train,Q,Sensor_41,0.06563752538731663,0.06563752538731663,13
1113,t2 alarm only,train,Q,Sensor_42,0.01920625388339848,0.01920625388339848,25
1113,t2 alarm only,train,Q,Sensor_43,0.023764932698689217,0.023764932698689217,21
1113,t2 alarm only,train,Q,Sensor_44,0.00011748089583535515,0.00011748089583535515,89
1113,t2 alarm only,train,Q,Sensor_45,0.00020554544377275467,0.00020554544377275467,82
1113,t2 alarm only,train,Q,Sensor_46,0.00037410538653967376,0.00037410538653967376,76
1113,t2 alarm only,train,Q,Sensor_47,0.0039192343630065855,0.0039192343630065855,45
1113,t2 alarm only,train,Q,Sensor_48,0.005010310875608512,0.005010310875608512,40
1113,t2 alarm only,train,Q,Sensor_49,0.0006192066388203689,0.0006192066388203689,75
1113,t2 alarm only,train,Q,Sensor_50,1.465046300268096e-06,1.465046300268096e-06,95
1113,t2 alarm only,train,Q,Sensor_51,8.84073754164758e-05,8.84073754164758e-05,92
1113,t2 alarm only,train,Q,Sensor_52,0.20072677546016823,0.20072677546016823,6
1113,t2 alarm only,train,Q,Sensor_53,1.3200776258698406,1.3200776258698406,3
1113,t2 alarm only,train,Q,Sensor_54,0.001844140191822846,0.001844140191822846,61
1113,t2 alarm only,train,Q,Sensor_55,0.0002475475989511391,0.0002475475989511391,79
1113,t2 alarm only,train,Q,Sensor_56,1.3170264518327677,1.3170264518327677,4
1113,t2 alarm only,train,Q,Sensor_57,0.030718417095644445,0.030718417095644445,18
1113,t2 alarm only,train,Q,Sensor_58,0.07165778811623627,0.07165778811623627,12
1113,t2 alarm only,train,Q,Sensor_59,0.0012854124188820533,0.0012854124188820533,67
1113,t2 alarm only,train,Q,Sensor_60,0.00024901112060876185,0.00024901112060876185,77
1113,t2 alarm only,train,Q,Sensor_61,3.2712361705255478e-06,3.2712361705255478e-06,94
1113,t2 alarm only,train,Q,Sensor_62,0.0009872555239092485,0.0009872555239092485,71
1113,t2 alarm only,train,Q,Sensor_64,0.00012024515482728712,0.00012024515482728712,87
1113,t2 alarm only,train,Q,Sensor_65,0.00013441161198098352,0.00013441161198098352,86
1113,t2 alarm only,train,Q,Sensor_66,0.0010435889401946038,0.0010435889401946038,70
1113,t2 alarm only,train,Q,Sensor_67,0.005997663638951537,0.005997663638951537,39
1113,t2 alarm only,train,Q,Sensor_68,0.0014864165761387725,0.0014864165761387725,64
1113,t2 alarm only,train,Q,Sensor_69,0.07989173877072027,0.07989173877072027,11
1113,t2 alarm only,train,Q,Sensor_70,2.3206720877679503,2.3206720877679503,1
1113,t2 alarm only,train,Q,Sensor_71,0.008022709751881919,0.008022709751881919,32
1113,t2 alarm only,train,Q,Sensor_72,0.08124028317211388,0.08124028317211388,10
1113,t2 alarm only,train,Q,Sensor_73,1.6491395859765088,1.6491395859765088,2
1113,t2 alarm only,train,Q,Sensor_74,0.14646235651824152,0.14646235651824152,7
1113,t2 alarm only,train,Q,Sensor_75,0.003379239622237373,0.003379239622237373,49
1113,t2 alarm only,train,Q,Sensor_76,0.00024844271672003985,0.00024844271672003985,78
1113,t2 alarm only,train,Q,Sensor_77,0.0002347960456900637,0.0002347960456900637,80
1113,t2 alarm only,train,Q,Sensor_78,0.0019584105216757146,0.0019584105216757146,55
1113,t2 alarm only,train,Q,Sensor_79,0.023632697675555626,0.023632697675555626,22
1113,t2 alarm only,train,Q,Sensor_80,0.01515522067862116,0.01515522067862116,28
1113,t2 alarm only,train,Q,Sensor_81,0.004891206656166593,0.004891206656166593,41
1113,t2 alarm only,train,Q,Sensor_82,0.001968551598528704,0.001968551598528704,54
1113,t2 alarm only,train,Q,Sensor_83,0.0019283816026452966,0.0019283816026452966,56
1113,t2 alarm only,train,Q,Sensor_84,0.00018081915846104626,0.00018081915846104626,83
1113,t2 alarm only,train,Q,Sensor_85,0.004890677485000586,0.004890677485000586,42
1113,t2 alarm only,train,Q,Sensor_86,0.03886213248675522,0.03886213248675522,17
1113,t2 alarm only,train,Q,Sensor_87,0.00011510667852154386,0.00011510667852154386,90
1113,t2 alarm only,train,Q,Sensor_88,0.006183155869327874,0.006183155869327874,37
1113,t2 alarm only,train,Q,Sensor_89,0.0075021885194005,0.0075021885194005,33
1113,t2 alarm only,train,Q,Sensor_90,0.0018873463080221057,0.0018873463080221057,60
1113,t2 alarm only,train,Q,Sensor_91,0.0029593243231804457,0.0029593243231804457,51
1113,t2 alarm only,train,Q,Sensor_92,0.0035635095684638397,0.0035635095684638397,46
1113,t2 alarm only,train,Q,Sensor_93,0.01241145393930019,0.01241145393930019,30
1113,t2 alarm only,train,Q,Sensor_94,9.905038743271907e-05,9.905038743271907e-05,91
1113,t2 alarm only,train,Q,Sensor_95,0.00021121022253283534,0.00021121022253283534,81
1113,t2 alarm only,train,Q,Sensor_96,0.08257734288092491,0.08257734288092491,9
1113,t2 alarm only,train,Q,Sensor_97,0.016047850179413643,0.016047850179413643,27
6,q alarm only,train,T2,Sensor_1,0.11314757144661433,0.11314757144661433,37
6,q alarm only,train,T2,Sensor_2,-0.006063240748056734,0.006063240748056734,74
6,q alarm only,train,T2,Sensor_3,0.0046321323516543425,0.0046321323516543425,78
6,q alarm only,train,T2,Sensor_4,0.10976747750534442,0.10976747750534442,39
6,q alarm only,train,T2,Sensor_5,-0.005245237230434412,0.005245237230434412,75
6,q alarm only,train,T2,Sensor_6,0.0046547043932310935,0.0046547043932310935,77
6,q alarm only,train,T2,Sensor_7,-0.0019945025435020615,0.0019945025435020615,85
6,q alarm only,train,T2,Sensor_8,-0.018144305834944773,0.018144305834944773,68
6,q alarm only,train,T2,Sensor_9,0.3361395908686473,0.3361395908686473,14
6,q alarm only,train,T2,Sensor_10,0.3004705447896358,0.3004705447896358,16
6,q alarm only,train,T2,Sensor_11,0.04697169344083959,0.04697169344083959,51
6,q alarm only,train,T2,Sensor_12,0.03263542201811865,0.03263542201811865,60
6,q alarm only,train,T2,Sensor_13,55.978796201857214,55.978796201857214,1
6,q alarm only,train,T2,Sensor_14,0.11566883092947773,0.11566883092947773,33
6,q alarm only,train,T2,Sensor_15,-0.0965722680688372,0.0965722680688372,42
6,q alarm only,train,T2,Sensor_16,-0.044506691597340484,0.044506691597340484,54
6,q alarm only,train,T2,Sensor_17,-0.16560425679685462,0.16560425679685462,23
6,q alarm only,train,T2,Sensor_18,-0.03577674065663675,0.03577674065663675,57
6,q alarm only,train,T2,Sensor_19,-0.13665712784397407,0.13665712784397407,29
6,q alarm only,train,T2,Sensor_20,0.12400859335255476,0.12400859335255476,31
6,q alarm only,train,T2,Sensor_21,0.11647261134928555,0.11647261134928555,32
6,q alarm only,train,T2,Sensor_22,1.8509401371942553,1.8509401371942553,7
6,q alarm only,train,T2,Sensor_23,5.079696555944889,5.079696555944889,5
6,q alarm only,train,T2,Sensor_24,3.208040901618652,3.208040901618652,6
6,q alarm only,train,T2,Sensor_25,0.2020093079676387,0.2020093079676387,21
6,q alarm only,train,T2,Sensor_27,0.060221734559092875,0.060221734559092875,47
6,q alarm only,train,T2,Sensor_28,0.044740853850794,0.044740853850794,53
6,q alarm only,train,T2,Sensor_29,0.06914080308139825,0.06914080308139825,45
6,q alarm only,train,T2,Sensor_30,0.016457151865986994,0.016457151865986994,70
6,q alarm only,train,T2,Sensor_31,0.3688279433062735,0.3688279433062735,13
6,q alarm only,train,T2,Sensor_32,0.002723227466175942,0.002723227466175942,83
6,q alarm only,train,T2,Sensor_33,-0.007377209349583878,0.007377209349583878,73
6,q alarm only,train,T2,Sensor_34,-0.1559025761602866,0.1559025761602866,25
6,q alarm only,train,T2,Sensor_35,0.001151993332100624,0.001151993332100624,89
6,q alarm only,train,T2,Sensor_36,-0.03528749230477006,0.03528749230477006,58
6,q alarm only,train,T2,Sensor_37,-0.020068353405793382,0.020068353405793382,65
6,q alarm only,train,T2,Sensor_38,14.96795734538688,14.96795734538688,3
6,q alarm only,train,T2,Sensor_39,0.02670706083001661,0.02670706083001661,64
6,q alarm only,train,T2,Sensor_40,-0.003420372206017971,0.003420372206017971,81
6,q alarm only,train,T2,Sensor_41,0.056973124612160204,0.056973124612160204,48
6,q alarm only,train,T2,Sensor_42,-0.011299024327556853,0.011299024327556853,71
6,q alarm only,train,T2,Sensor_43,0.37770654427746025,0.37770654427746025,12
6,q alarm only,train,T2,Sensor_44,0.03579000380351344,0.03579000380351344,56
6,q alarm only,train,T2,Sensor_45,0.032428019699653476,0.032428019699653476,61
6,q alarm only,train,T2,Sensor_46,15.105244989763056,15.105244989763056,2
6,q alarm only,train,T2,Sensor_47,0.03729591763646924,0.03729591763646924,55
6,q alarm only,train,T2,Sensor_48,0.054436814721743616,0.054436814721743616,49
6,q alarm only,train,T2,Sensor_49,0.2032284441324767,0.2032284441324767,20
6,q alarm only,train,T2,Sensor_50,0.2700811303510983,0.2700811303510983,19
6,q alarm only,train,T2,Sensor_51,0.3001866626114765,0.3001866626114765,17
6,q alarm only,train,T2,Sensor_52,-2.7588040165077103e-05,2.7588040165077103e-05,95
6,q alarm only,train,T2,Sensor_53,-0.00044962344104138827,0.00044962344104138827,94
6,q alarm only,train,T2,Sensor_54,-0.01705615606956984,0.01705615606956984,69
6,q alarm only,train,T2,Sensor_55,0.2764531149755425,0.2764531149755425,18
6,q alarm only,train,T2,Sensor_56,-0.00044977100517065623,0.00044977100517065623,93
6,q alarm only,train,T2,Sensor_57,0.14608385528525655,0.14608385528525655,27
6,q alarm only,train,T2,Sensor_58,0.1388374805517663,0.1388374805517663,28
6,q alarm only,train,T2,Sensor_59,-0.002355713103557496,0.002355713103557496,84
6,q alarm only,train,T2,Sensor_60,0.3103364840064604,0.3103364840064604,15
6,q alarm only,train,T2,Sensor_61,0.0004741523027844666,0.0004741523027844666,92
6,q alarm only,train,T2,Sensor_62,-0.0005620799019627724,0.0005620799019627724,91
6,q alarm only,train,T2,Sensor_64,-0.03238513811911712,0.03238513811911712,62
6,q alarm only,train,T2,Sensor_65,10.385935607517819,10.385935607517819,4
6,q alarm only,train,T2,Sensor_66,-0.1627834206547715,0.1627834206547715,24
6,q alarm only,train,T2,Sensor_67,0.1758958502479525,0.1758958502479525,22
6,q alarm only,train,T2,Sensor_68,-0.11250568756598789,0.11250568756598789,38
6,q alarm only,train,T2,Sensor_69,-0.003563554684952294,0.003563554684952294,80
6,q alarm only,train,T2,Sensor_70,0.0016648770472350752,0.0016648770472350752,86
6,q alarm only,train,T2,Sensor_71,0.0031727689803626017,0.0031727689803626017,82
6,q alarm only,train,T2,Sensor_72,-0.0008383364003869409,0.0008383364003869409,90
6,q alarm only,train,T2,Sensor_73,-0.001319990064385961,0.001319990064385961,88
6,q alarm only,train,T2,Sensor_74,-0.0015366069027538533,0.0015366069027538533,87
6,q alarm only,train,T2,Sensor_75,0.08827955554507243,0.08827955554507243,43
6,q alarm only,train,T2,Sensor_76,1.0701776552898492,1.0701776552898492,9
6,q alarm only,train,T2,Sensor_77,0.005175369374197244,0.005175369374197244,76
6,q alarm only,train,T2,Sensor_78,0.11340916219898643,0.11340916219898643,34
6,q alarm only,train,T2,Sensor_79,0.045966935970246814,0.045966935970246814,52
6,q alarm only,train,T2,Sensor_80,-0.0604038605788238,0.0604038605788238,46
6,q alarm only,train,T2,Sensor_81,0.11321331427221928,0.11321331427221928,36
6,q alarm only,train,T2,Sensor_82,0.019500156184182556,0.019500156184182556,67
6,q alarm only,train,T2,Sensor_83,0.10136433330327109,0.10136433330327109,41
6,q alarm only,train,T2,Sensor_84,-0.054301788220854276,0.054301788220854276,50
6,q alarm only,train,T2,Sensor_85,0.11321648469195982,0.11321648469195982,35
6,q alarm only,train,T2,Sensor_86,-0.07623019819461799,0.07623019819461799,44
6,q alarm only,train,T2,Sensor_87,0.031317747182856834,0.031317747182856834,63
6,q alarm only,train,T2,Sensor_88,-0.00413906417832681,0.00413906417832681,79
6,q alarm only,train,T2,Sensor_89,-0.1512988511669984,0.1512988511669984,26
6,q alarm only,train,T2,Sensor_90,-0.03528576724130736,0.03528576724130736,59
6,q alarm only,train,T2,Sensor_91,-0.020004312043486062,0.020004312043486062,66
6,q alarm only,train,T2,Sensor_92,-0.12405421545627737,0.12405421545627737,30
6,q alarm only,train,T2,Sensor_93,0.00891648411777533,0.00891648411777533,72
6,q alarm only,train,T2,Sensor_94,1.38046109688767,1.38046109688767,8
6,q alarm only,train,T2,Sensor_95,0.767977214220883,0.767977214220883,10
6,q alarm only,train,T2,Sensor_96,-0.10658196490271862,0.10658196490271862,40
6,q alarm only,train,T2,Sensor_97,0.37866632085682966,0.37866632085682966,11
6,q alarm only,train,Q,Sensor_1,0.03728540519745134,0.03728540519745134,48
6,q alarm only,train,Q,Sensor_2,0.13070815054770377,0.13070815054770377,25
6,q alarm only,train,Q,Sensor_3,0.12145587555522916,0.12145587555522916,30
6,q alarm only,train,Q,Sensor_4,0.02491729890533703,0.02491729890533703,54
6,q alarm only,train,Q,Sensor_5,0.12880133975607516,0.12880133975607516,26
6,q alarm only,train,Q,Sensor_6,0.12134799066331974,0.12134799066331974,31
6,q alarm only,train,Q,Sensor_7,0.12156761006115585,0.12156761006115585,29
6,q alarm only,train,Q,Sensor_8,0.027338678355814106,0.027338678355814106,52
6,q alarm only,train,Q,Sensor_9,0.005526862440057261,0.005526862440057261,70
6,q alarm only,train,Q,Sensor_10,1.0351920140665751,1.0351920140665751,7
6,q alarm only,train,Q,Sensor_11,0.013297761548296524,0.013297761548296524,62
6,q alarm only,train,Q,Sensor_12,0.0073758823328392,0.0073758823328392,66
6,q alarm only,train,Q,Sensor_13,151.5161033029725,151.5161033029725,1
6,q alarm only,train,Q,Sensor_14,0.29493565589860177,0.29493565589860177,13
6,q alarm only,train,Q,Sensor_15,0.5787181125364512,0.5787181125364512,10
6,q alarm only,train,Q,Sensor_16,0.00043438090066955326,0.00043438090066955326,87
6,q alarm only,train,Q,Sensor_17,0.6835311194545654,0.6835311194545654,9
6,q alarm only,train,Q,Sensor_18,3.3715022417749456e-06,3.3715022417749456e-06,94
6,q alarm only,train,Q,Sensor_19,0.34330707834660623,0.34330707834660623,11
6,q alarm only,train,Q,Sensor_20,3.255338664134157e-07,3.255338664134157e-07,95
6,q alarm only,train,Q,Sensor_21,0.0005812848313516886,0.0005812848313516886,84
6,q alarm only,train,Q,Sensor_22,0.25714716422479444,0.25714716422479444,15
6,q alarm only,train,Q,Sensor_23,0.15880680069426248,0.15880680069426248,23
6,q alarm only,train,Q,Sensor_24,0.2922885861005108,0.2922885861005108,14
6,q alarm only,train,Q,Sensor_25,0.07607322262425914,0.07607322262425914,37
6,q alarm only,train,Q,Sensor_27,0.012213105381260574,0.012213105381260574,63
6,q alarm only,train,Q,Sensor_28,0.23590363035944595,0.23590363035944595,18
6,q alarm only,train,Q,Sensor_29,0.0063261546868764425,0.0063261546868764425,68
6,q alarm only,train,Q,Sensor_30,0.8990659073257039,0.8990659073257039,8
6,q alarm only,train,Q,Sensor_31,0.024444375766780383,0.024444375766780383,55
6,q alarm only,train,Q,Sensor_32,0.007464058582824771,0.007464058582824771,65
6,q alarm only,train,Q,Sensor_33,0.031017295172060783,0.031017295172060783,50
6,q alarm only,train,Q,Sensor_34,0.07673323555709605,0.07673323555709605,36
6,q alarm only,train,Q,Sensor_35,0.0009498287659243398,0.0009498287659243398,81
6,q alarm only,train,Q,Sensor_36,0.06414624127379819,0.06414624127379819,39
6,q alarm only,train,Q,Sensor_37,0.12278850786290539,0.12278850786290539,28
6,q alarm only,train,Q,Sensor_38,8.493838422165224,8.493838422165224,4
6,q alarm only,train,Q,Sensor_39,0.014635735921167792,0.014635735921167792,60
6,q alarm only,train,Q,Sensor_40,0.015011826133577863,0.015011826133577863,59
6,q alarm only,train,Q,Sensor_41,0.21894972631924256,0.21894972631924256,21
6,q alarm only,train,Q,Sensor_42,0.08209922234086754,0.08209922234086754,34
6,q alarm only,train,Q,Sensor_43,0.006721758527079622,0.006721758527079622,67
6,q alarm only,train,Q,Sensor_44,0.017565865246106174,0.017565865246106174,57
6,q alarm only,train,Q,Sensor_45,0.007722292459212787,0.007722292459212787,64
6,q alarm only,train,Q,Sensor_46,8.809229697999637,8.809229697999637,3
6,q alarm only,train,Q,Sensor_47,0.149841857362349,0.149841857362349,24
6,q alarm only,train,Q,Sensor_48,0.10064634668635697,0.10064634668635697,33
6,q alarm only,train,Q,Sensor_49,0.0051806822661886395,0.0051806822661886395,71
6,q alarm only,train,Q,Sensor_50,0.006154475331101372,0.006154475331101372,69
6,q alarm only,train,Q,Sensor_51,0.021995574773068124,0.021995574773068124,56
6,q alarm only,train,Q,Sensor_52,0.0001334454759078776,0.0001334454759078776,92
6,q alarm only,train,Q,Sensor_53,0.0005107830101194079,0.0005107830101194079,86
6,q alarm only,train,Q,Sensor_54,0.0001029629164061747,0.0001029629164061747,93
6,q alarm only,train,Q,Sensor_55,0.03743923638659794,0.03743923638659794,47
6,q alarm only,train,Q,Sensor_56,0.0005231380285770885,0.0005231380285770885,85
6,q alarm only,train,Q,Sensor_57,0.2284260892594986,0.2284260892594986,19
6,q alarm only,train,Q,Sensor_58,0.2504225308226284,0.2504225308226284,17
6,q alarm only,train,Q,Sensor_59,0.013575196131556836,0.013575196131556836,61
6,q alarm only,train,Q,Sensor_60,0.026023489158846228,0.026023489158846228,53
6,q alarm only,train,Q,Sensor_61,0.00018736269849739504,0.00018736269849739504,91
6,q alarm only,train,Q,Sensor_62,0.000796257943529964,0.000796257943529964,83
6,q alarm only,train,Q,Sensor_64,0.052171389499159795,0.052171389499159795,42
6,q alarm only,train,Q,Sensor_65,0.11870351955413304,0.11870351955413304,32
6,q alarm only,train,Q,Sensor_66,0.0003070839997318901,0.0003070839997318901,90
6,q alarm only,train,Q,Sensor_67,1.052329164948154,1.052329164948154,6
6,q alarm only,train,Q,Sensor_68,0.043138184533824224,0.043138184533824224,44
6,q alarm only,train,Q,Sensor_69,0.061698811700230734,0.061698811700230734,41
6,q alarm only,train,Q,Sensor_70,0.000797609535142683,0.000797609535142683,82
6,q alarm only,train,Q,Sensor_71,0.004522250556934194,0.004522250556934194,72
6,q alarm only,train,Q,Sensor_72,0.0014423283136809533,0.0014423283136809533,76
6,q alarm only,train,Q,Sensor_73,0.00033830845618212837,0.00033830845618212837,89
6,q alarm only,train,Q,Sensor_74,0.003321568890628324,0.003321568890628324,73
6,q alarm only,train,Q,Sensor_75,0.001129920729021891,0.001129920729021891,78
6,q alarm only,train,Q,Sensor_76,0.0003557341289743729,0.0003557341289743729,88
6,q alarm only,train,Q,Sensor_77,0.0015965145913158238,0.0015965145913158238,75
6,q alarm only,train,Q,Sensor_78,0.06845970183649039,0.06845970183649039,38
6,q alarm only,train,Q,Sensor_79,0.03851314218385282,0.03851314218385282,46
6,q alarm only,train,Q,Sensor_80,1.2981272617369375,1.2981272617369375,5
6,q alarm only,train,Q,Sensor_81,0.0010198297140493757,0.0010198297140493757,80
6,q alarm only,train,Q,Sensor_82,0.043295451614409626,0.043295451614409626,43
6,q alarm only,train,Q,Sensor_83,0.03524919339689127,0.03524919339689127,49
6,q alarm only,train,Q,Sensor_84,0.029363209528815826,0.029363209528815826,51
6,q alarm only,train,Q,Sensor_85,0.0010199445190266878,0.0010199445190266878,79
6,q alarm only,train,Q,Sensor_86,0.25399878022857414,0.25399878022857414,16
6,q alarm only,train,Q,Sensor_87,0.0013914307360551174,0.0013914307360551174,77
6,q alarm only,train,Q,Sensor_88,0.3319414593808122,0.3319414593808122,12
6,q alarm only,train,Q,Sensor_89,0.07715797953842973,0.07715797953842973,35
6,q alarm only,train,Q,Sensor_90,0.06414181415233142,0.06414181415233142,40
6,q alarm only,train,Q,Sensor_91,0.12573625747415407,0.12573625747415407,27
6,q alarm only,train,Q,Sensor_92,0.016251459582812076,0.016251459582812076,58
6,q alarm only,train,Q,Sensor_93,0.002646292808257904,0.002646292808257904,74
6,q alarm only,train,Q,Sensor_94,0.21155599763997116,0.21155599763997116,22
6,q alarm only,train,Q,Sensor_95,0.22040040985612924,0.22040040985612924,20
6,q alarm only,train,Q,Sensor_96,0.042493095381110714,0.042493095381110714,45
6,q alarm only,train,Q,Sensor_97,47.63801270244084,47.63801270244084,2
139,both alarms,test,T2,Sensor_1,1.017339156366673,1.017339156366673,23
139,both alarms,test,T2,Sensor_2,0.08054666337709233,0.08054666337709233,71
139,both alarms,test,T2,Sensor_3,0.023699312430716313,0.023699312430716313,86
139,both alarms,test,T2,Sensor_4,0.9865054340289796,0.9865054340289796,24
139,both alarms,test,T2,Sensor_5,0.0704100537676059,0.0704100537676059,74
139,both alarms,test,T2,Sensor_6,0.023054759038315005,0.023054759038315005,87
139,both alarms,test,T2,Sensor_7,0.08362013191749637,0.08362013191749637,70
139,both alarms,test,T2,Sensor_8,-0.15162166194482526,0.15162166194482526,64
139,both alarms,test,T2,Sensor_9,-0.7910941454771252,0.7910941454771252,27
139,both alarms,test,T2,Sensor_10,0.2894241494753567,0.2894241494753567,50
139,both alarms,test,T2,Sensor_11,1.0404347196257362,1.0404347196257362,22
139,both alarms,test,T2,Sensor_12,-0.2412122482458011,0.2412122482458011,56
139,both alarms,test,T2,Sensor_13,0.030656175492412,0.030656175492412,81
139,both alarms,test,T2,Sensor_14,-0.1265986244936459,0.1265986244936459,66
139,both alarms,test,T2,Sensor_15,-0.02016628436911937,0.02016628436911937,88
139,both alarms,test,T2,Sensor_16,-0.45798118539292226,0.45798118539292226,41
139,both alarms,test,T2,Sensor_17,-0.01764511853080828,0.01764511853080828,90
139,both alarms,test,T2,Sensor_18,-0.3785169972816982,0.3785169972816982,44
139,both alarms,test,T2,Sensor_19,-0.3446180449394007,0.3446180449394007,47
139,both alarms,test,T2,Sensor_20,-0.282962585653286,0.282962585653286,53
139,both alarms,test,T2,Sensor_21,-0.35149538546290543,0.35149538546290543,46
139,both alarms,test,T2,Sensor_22,0.2586020752676481,0.2586020752676481,55
139,both alarms,test,T2,Sensor_23,-1.147554713313614,1.147554713313614,21
139,both alarms,test,T2,Sensor_24,1.157258855217456,1.157258855217456,20
139,both alarms,test,T2,Sensor_25,0.4758581107280731,0.4758581107280731,38
139,both alarms,test,T2,Sensor_27,-0.027618675103972763,0.027618675103972763,83
139,both alarms,test,T2,Sensor_28,-0.7168219160642496,0.7168219160642496,30
139,both alarms,test,T2,Sensor_29,3.3603459764977917,3.3603459764977917,9
139,both alarms,test,T2,Sensor_30,0.7111759346615918,0.7111759346615918,32
139,both alarms,test,T2,Sensor_31,0.030468004703716783,0.030468004703716783,82
139,both alarms,test,T2,Sensor_32,3.4140490509639307,3.4140490509639307,8
139,both alarms,test,T2,Sensor_33,2.4588651054323716,2.4588651054323716,14
139,both alarms,test,T2,Sensor_34,3.089847540904816,3.089847540904816,10
139,both alarms,test,T2,Sensor_35,46660.074832975144,46660.074832975144,1
139,both alarms,test,T2,Sensor_36,-0.8089281741752463,0.8089281741752463,26
139,both alarms,test,T2,Sensor_37,0.37252417737544763,0.37252417737544763,45
139,both alarms,test,T2,Sensor_38,0.07843730055626404,0.07843730055626404,73
139,both alarms,test,T2,Sensor_39,0.33937540093490093,0.33937540093490093,48
139,both alarms,test,T2,Sensor_40,0.05208459375465195,0.05208459375465195,77
139,both alarms,test,T2,Sensor_41,0.09177940073681493,0.09177940073681493,69
139,both alarms,test,T2,Sensor_42,0.09449973833834316,0.09449973833834316,68
139,both alarms,test,T2,Sensor_43,-0.6801218524394297,0.6801218524394297,33
139,both alarms,test,T2,Sensor_44,1.2829996203372809,1.2829996203372809,19
139,both alarms,test,T2,Sensor_45,-0.23593195220008276,0.23593195220008276,57
139,both alarms,test,T2,Sensor_46,0.05556831427706787,0.05556831427706787,76
139,both alarms,test,T2,Sensor_47,0.12201624426292211,0.12201624426292211,67
139,both alarms,test,T2,Sensor_48,0.07968395588873704,0.07968395588873704,72
139,both alarms,test,T2,Sensor_49,1.4244868682775988,1.4244868682775988,18
139,both alarms,test,T2,Sensor_50,0.7641891514880482,0.7641891514880482,29
139,both alarms,test,T2,Sensor_51,0.7788064433264559,0.7788064433264559,28
139,both alarms,test,T2,Sensor_52,-0.03641865366907272,0.03641865366907272,79
139,both alarms,test,T2,Sensor_53,0.024302580505811227,0.024302580505811227,84
139,both alarms,test,T2,Sensor_54,53.48877930335562,53.48877930335562,2
139,both alarms,test,T2,Sensor_55,0.631912928658226,0.631912928658226,34
139,both alarms,test,T2,Sensor_56,0.023900517697402708,0.023900517697402708,85
139,both alarms,test,T2,Sensor_57,-2.5782146010287237,2.5782146010287237,13
139,both alarms,test,T2,Sensor_58,-0.1946801573748576,0.1946801573748576,60
139,both alarms,test,T2,Sensor_59,-0.1890013409655952,0.1890013409655952,61
139,both alarms,test,T2,Sensor_60,-6.423491473160876,6.423491473160876,6
139,both alarms,test,T2,Sensor_61,0.011844720425428425,0.011844720425428425,91
139,both alarms,test,T2,Sensor_62,0.006683832143594423,0.006683832143594423,92
139,both alarms,test,T2,Sensor_64,-0.0019882462445128426,0.0019882462445128426,95
139,both alarms,test,T2,Sensor_65,0.7147873823348266,0.7147873823348266,31
139,both alarms,test,T2,Sensor_66,-0.1311604827518951,0.1311604827518951,65
139,both alarms,test,T2,Sensor_67,-0.46654924283037824,0.46654924283037824,39
139,both alarms,test,T2,Sensor_68,-0.3040573043444181,0.3040573043444181,49
139,both alarms,test,T2,Sensor_69,-0.212929178670317,0.212929178670317,58
139,both alarms,test,T2,Sensor_70,14.27985966070596,14.27985966070596,5
139,both alarms,test,T2,Sensor_71,27.4260904994155,27.4260904994155,3
139,both alarms,test,T2,Sensor_72,20.622316143365506,20.622316143365506,4
139,both alarms,test,T2,Sensor_73,0.04402045098914776,0.04402045098914776,78
139,both alarms,test,T2,Sensor_74,-0.03185150843201409,0.03185150843201409,80
139,both alarms,test,T2,Sensor_75,-1.8996369996374605,1.8996369996374605,16
139,both alarms,test,T2,Sensor_76,-0.1754361135350529,0.1754361135350529,62
139,both alarms,test,T2,Sensor_77,0.005024265814806811,0.005024265814806811,93
139,both alarms,test,T2,Sensor_78,0.06203754473877166,0.06203754473877166,75
139,both alarms,test,T2,Sensor_79,-0.19623065024170624,0.19623065024170624,59
139,both alarms,test,T2,Sensor_80,0.28537823499219434,0.28537823499219434,52
139,both alarms,test,T2,Sensor_81,-0.6044212182723108,0.6044212182723108,36
139,both alarms,test,T2,Sensor_82,0.4105886326570988,0.4105886326570988,42
139,both alarms,test,T2,Sensor_83,-0.002496631604411005,0.002496631604411005,94
139,both alarms,test,T2,Sensor_84,-5.024580439913973,5.024580439913973,7
139,both alarms,test,T2,Sensor_85,-0.6045755913744846,0.6045755913744846,35
139,both alarms,test,T2,Sensor_86,0.28739521731965745,0.28739521731965745,51
139,both alarms,test,T2,Sensor_87,-0.4599187368710767,0.4599187368710767,40
139,both alarms,test,T2,Sensor_88,0.01978503338783663,0.01978503338783663,89
139,both alarms,test,T2,Sensor_89,2.9758039802369614,2.9758039802369614,11
139,both alarms,test,T2,Sensor_90,-0.8089625959548283,0.8089625959548283,25
139,both alarms,test,T2,Sensor_91,0.27797843434934416,0.27797843434934416,54
139,both alarms,test,T2,Sensor_92,-1.7887178573312366,1.7887178573312366,17
139,both alarms,test,T2,Sensor_93,-0.5812489130800486,0.5812489130800486,37
139,both alarms,test,T2,Sensor_94,-2.305354853435473,2.305354853435473,15
139,both alarms,test,T2,Sensor_95,-2.7524600287085876,2.7524600287085876,12
139,both alarms,test,T2,Sensor_96,0.40163708188199587,0.40163708188199587,43
139,both alarms,test,T2,Sensor_97,-0.16992362200192784,0.16992362200192784,63
139,both alarms,test,Q,Sensor_1,16.02765432820909,16.02765432820909,22
139,both alarms,test,Q,Sensor_2,1.2434984081854263,1.2434984081854263,64
139,both alarms,test,Q,Sensor_3,0.8019764642865712,0.8019764642865712,71
139,both alarms,test,Q,Sensor_4,16.03133062495247,16.03133062495247,21
139,both alarms,test,Q,Sensor_5,1.265928538641392,1.265928538641392,63
139,both alarms,test,Q,Sensor_6,0.8102107476186667,0.8102107476186667,69
139,both alarms,test,Q,Sensor_7,1.3136690487731246,1.3136690487731246,62
139,both alarms,test,Q,Sensor_8,1.2244312196879348,1.2244312196879348,65
139,both alarms,test,Q,Sensor_9,8.479170155314618,8.479170155314618,33
139,both alarms,test,Q,Sensor_10,1.748559670570133,1.748559670570133,57
139,both alarms,test,Q,Sensor_11,17.267773276650267,17.267773276650267,20
139,both alarms,test,Q,Sensor_12,3.578253841312121,3.578253841312121,43
139,both alarms,test,Q,Sensor_13,0.10508438453013377,0.10508438453013377,89
139,both alarms,test,Q,Sensor_14,6.774699492249993,6.774699492249993,37
139,both alarms,test,Q,Sensor_15,2.2695102735378607,2.2695102735378607,48
139,both alarms,test,Q,Sensor_16,0.5360876282161563,0.5360876282161563,77
139,both alarms,test,Q,Sensor_17,0.5606257634118498,0.5606257634118498,75
139,both alarms,test,Q,Sensor_18,0.2216747310513236,0.2216747310513236,83
139,both alarms,test,Q,Sensor_19,97.6692050990008,97.6692050990008,7
139,both alarms,test,Q,Sensor_20,0.6504702187998365,0.6504702187998365,73
139,both alarms,test,Q,Sensor_21,2.22227751215559,2.22227751215559,50
139,both alarms,test,Q,Sensor_22,0.0032376503923126202,0.0032376503923126202,95
139,both alarms,test,Q,Sensor_23,31.08162108433752,31.08162108433752,14
139,both alarms,test,Q,Sensor_24,3.216545332964032,3.216545332964032,45
139,both alarms,test,Q,Sensor_25,4.9253487640787705,4.9253487640787705,40
139,both alarms,test,Q,Sensor_27,44.191329145027225,44.191329145027225,11
139,both alarms,test,Q,Sensor_28,26.152481525356944,26.152481525356944,17
139,both alarms,test,Q,Sensor_29,1.7475735330991482,1.7475735330991482,58
139,both alarms,test,Q,Sensor_30,1.6817838496366901,1.6817838496366901,59
139,both alarms,test,Q,Sensor_31,8.555902419718175,8.555902419718175,32
139,both alarms,test,Q,Sensor_32,44867.00762552823,44867.00762552823,2
139,both alarms,test,Q,Sensor_33,26.43481999195525,26.43481999195525,16
139,both alarms,test,Q,Sensor_34,5.141720394754527,5.141720394754527,39
139,both alarms,test,Q,Sensor_35,47570.49081829801,47570.49081829801,1
139,both alarms,test,Q,Sensor_36,375.3181381943012,375.3181381943012,5
139,both alarms,test,Q,Sensor_37,2.9478201011221565,2.9478201011221565,46
139,both alarms,test,Q,Sensor_38,0.7967517647395713,0.7967517647395713,72
139,both alarms,test,Q,Sensor_39,0.18692608068366112,0.18692608068366112,86
139,both alarms,test,Q,Sensor_40,11.046229631127071,11.046229631127071,24
139,both alarms,test,Q,Sensor_41,0.404246230037857,0.404246230037857,79
139,both alarms,test,Q,Sensor_42,1.1630962677854544,1.1630962677854544,66
139,both alarms,test,Q,Sensor_43,2.2333037305563983,2.2333037305563983,49
139,both alarms,test,Q,Sensor_44,20.93090403830389,20.93090403830389,19
139,both alarms,test,Q,Sensor_45,3.547913373014449,3.547913373014449,44
139,both alarms,test,Q,Sensor_46,0.44291107364180465,0.44291107364180465,78
139,both alarms,test,Q,Sensor_47,0.14043200416776258,0.14043200416776258,87
139,both alarms,test,Q,Sensor_48,0.8034447552885243,0.8034447552885243,70
139,both alarms,test,Q,Sensor_49,8.998647191143435,8.998647191143435,30
139,both alarms,test,Q,Sensor_50,9.957855091208842,9.957855091208842,29
139,both alarms,test,Q,Sensor_51,8.39390492813947,8.39390492813947,34
139,both alarms,test,Q,Sensor_52,50.26891187174907,50.26891187174907,10
139,both alarms,test,Q,Sensor_53,1.9504745760688078,1.9504745760688078,55
139,both alarms,test,Q,Sensor_54,556.9161496856718,556.9161496856718,3
139,both alarms,test,Q,Sensor_55,8.701724499092533,8.701724499092533,31
139,both alarms,test,Q,Sensor_56,1.9702087558125345,1.9702087558125345,54
139,both alarms,test,Q,Sensor_57,75.11299093660926,75.11299093660926,8
139,both alarms,test,Q,Sensor_58,2.0000341039582863,2.0000341039582863,53
139,both alarms,test,Q,Sensor_59,0.537534767023468,0.537534767023468,76
139,both alarms,test,Q,Sensor_60,10.549412755841745,10.549412755841745,26
139,both alarms,test,Q,Sensor_61,0.21014403246731606,0.21014403246731606,85
139,both alarms,test,Q,Sensor_62,0.1151185480076259,0.1151185480076259,88
139,both alarms,test,Q,Sensor_64,0.22060315384546253,0.22060315384546253,84
139,both alarms,test,Q,Sensor_65,27.88818363062396,27.88818363062396,15
139,both alarms,test,Q,Sensor_66,0.22438992801161264,0.22438992801161264,82
139,both alarms,test,Q,Sensor_67,10.416814400806826,10.416814400806826,27
139,both alarms,test,Q,Sensor_68,0.9804869912579038,0.9804869912579038,68
139,both alarms,test,Q,Sensor_69,1.9396908620364872,1.9396908620364872,56
139,both alarms,test,Q,Sensor_70,10.945757375174997,10.945757375174997,25
139,both alarms,test,Q,Sensor_71,32.31339589278066,32.31339589278066,12
139,both alarms,test,Q,Sensor_72,6.322153510153239,6.322153510153239,38
139,both alarms,test,Q,Sensor_73,0.003892083647764499,0.003892083647764499,94
139,both alarms,test,Q,Sensor_74,31.62593386557565,31.62593386557565,13
139,both alarms,test,Q,Sensor_75,1.0664914225972804,1.0664914225972804,67
139,both alarms,test,Q,Sensor_76,21.004731988582424,21.004731988582424,18
139,both alarms,test,Q,Sensor_77,0.10116030153377306,0.10116030153377306,90
139,both alarms,test,Q,Sensor_78,0.6278297823291701,0.6278297823291701,74
139,both alarms,test,Q,Sensor_79,0.3952677110694896,0.3952677110694896,81
139,both alarms,test,Q,Sensor_80,8.007129256499075,8.007129256499075,35
139,both alarms,test,Q,Sensor_81,0.019830059741565348,0.019830059741565348,93
139,both alarms,test,Q,Sensor_82,149.3735962401623,149.3735962401623,6
139,both alarms,test,Q,Sensor_83,0.07419608494129669,0.07419608494129669,91
139,both alarms,test,Q,Sensor_84,7.270667273310709,7.270667273310709,36
139,both alarms,test,Q,Sensor_85,0.019851959042236873,0.019851959042236873,92
139,both alarms,test,Q,Sensor_86,4.42363934404379,4.42363934404379,42
139,both alarms,test,Q,Sensor_87,2.0772472458278677,2.0772472458278677,52
139,both alarms,test,Q,Sensor_88,1.6776902928022308,1.6776902928022308,60
139,both alarms,test,Q,Sensor_89,4.685010528023455,4.685010528023455,41
139,both alarms,test,Q,Sensor_90,375.3190419509413,375.3190419509413,4
139,both alarms,test,Q,Sensor_91,2.4106555689606046,2.4106555689606046,47
139,both alarms,test,Q,Sensor_92,60.2142864074672,60.2142864074672,9
139,both alarms,test,Q,Sensor_93,10.198216031965865,10.198216031965865,28
139,both alarms,test,Q,Sensor_94,0.3979675957015227,0.3979675957015227,80
139,both alarms,test,Q,Sensor_95,1.5736539521152408,1.5736539521152408,61
139,both alarms,test,Q,Sensor_96,14.907703506208051,14.907703506208051,23
139,both alarms,test,Q,Sensor_97,2.125137830289344,2.125137830289344,51
