process,feature,unique_values,modal_value,modal_count,modal_share,zero_share,mean,standard_deviation,minimum,maximum,constant,near_constant_98_percent,dominant_value_80_percent,duplicate_of
AlCu,Sensor_1,3633,0.1482871374030717,1176,0.24257425742574257,0.00020627062706270627,0.1645467242387443,0.09341239371513624,0.0,0.8575133343875243,False,False,False,
AlCu,Sensor_2,1935,0.3221933461669171,1176,0.24257425742574257,0.00020627062706270627,0.31899280439486716,0.088380226229894,0.0,0.520223473102459,False,False,False,
AlCu,Sensor_3,1519,0.4927464670688946,1176,0.24257425742574257,0.00020627062706270627,0.4907291702113608,0.1381681543122174,0.0,0.8180197721688705,False,False,False,
AlCu,Sensor_4,3632,0.1880117397674688,1176,0.24257425742574257,0.00020627062706270627,0.20796198692117385,0.11676938081685896,0.0,0.9891996309771488,False,False,False,
AlCu,Sensor_5,1934,0.4275192509866087,1178,0.242986798679868,0.00020627062706270627,0.4237699525290864,0.11745838035341036,0.0,0.6914809350925935,False,False,False,
AlCu,Sensor_6,1521,0.4101203585434899,1176,0.24257425742574257,0.00020627062706270627,0.4084740001686015,0.11502787636756207,0.0,0.6808502641392945,False,False,False,
AlCu,Sensor_7,3658,0.410152610052967,1176,0.24257425742574257,0.00020627062706270627,0.4059499049516458,0.11156591422378802,0.0,0.6611748372223099,False,False,False,
AlCu,Sensor_8,3568,0.4470209648121774,1276,0.2632013201320132,0.00020627062706270627,0.43587412957463506,0.09297739913468983,0.0,0.652328461553954,False,False,False,
AlCu,Sensor_9,3673,0.0439151014566259,1176,0.24257425742574257,0.00020627062706270627,0.0531205388154394,0.044884051350278266,0.0,0.6160959394243797,False,False,False,
AlCu,Sensor_10,3440,0.8015072833816665,1332,0.2747524752475248,0.013613861386138614,0.7906510812696607,0.11909622253341187,0.0,0.983963778766655,False,False,False,
AlCu,Sensor_11,3674,0.0,1175,0.24236798679867988,0.24236798679867988,0.044040862743505854,0.06829596720219376,0.0,0.9261326404973814,False,False,False,
AlCu,Sensor_12,3673,0.2163244867976562,1176,0.24257425742574257,0.00020627062706270627,0.25478504296438304,0.13373250316286148,0.0,0.8237714538039465,False,False,False,
AlCu,Sensor_13,3467,0.0508445364419956,1176,0.24257425742574257,0.003094059405940594,0.05139841848193147,0.020110719400985123,0.0,0.5217871390309539,False,False,False,
AlCu,Sensor_14,3659,0.0208599944196511,1190,0.24546204620462045,0.00020627062706270627,0.027664332422566714,0.05403018503730776,0.0,0.9231535351537326,False,False,False,
AlCu,Sensor_15,3661,0.4862264633775253,1176,0.24257425742574257,0.00020627062706270627,0.4867682017503904,0.035153582637654515,0.0,0.6154394343158575,False,False,False,
AlCu,Sensor_16,2190,0.4221353124765495,2658,0.5482673267326733,0.00020627062706270627,0.41573653098760716,0.05268172992907558,0.0,0.5915981792884233,False,False,False,
AlCu,Sensor_17,199,0.228924129736494,1203,0.24814356435643564,0.00020627062706270627,0.2308961238809164,0.08824959394440882,0.0,0.5646787421201012,False,False,False,
AlCu,Sensor_18,343,0.5346606162883425,2690,0.5548679867986799,0.00020627062706270627,0.5271883302624245,0.06482526119830599,0.0,0.7251340630645906,False,False,False,
AlCu,Sensor_19,3673,0.0559195172840245,1176,0.24257425742574257,0.00020627062706270627,0.08483225745782431,0.10304689584556494,0.0,0.7973332051495421,False,False,False,
AlCu,Sensor_20,1069,0.7054880273581665,3770,0.7776402640264026,0.00020627062706270627,0.6588766178355528,0.19028366433719143,0.0,0.9182667954836312,False,False,False,
AlCu,Sensor_21,1072,0.5158607773378293,3770,0.7776402640264026,0.00020627062706270627,0.4835239099695112,0.13986702729822958,0.0,0.6469281058687193,False,False,False,
AlCu,Sensor_22,3669,0.3610859668910667,1176,0.24257425742574257,0.00020627062706270627,0.35935601678667195,0.025793484068204392,0.0,0.5343716876972349,False,False,False,
AlCu,Sensor_23,3673,0.1184123060084461,1176,0.24257425742574257,0.00020627062706270627,0.17585743759558314,0.15987578431237492,0.0,0.901446928433784,False,False,False,
AlCu,Sensor_24,1458,0.0,3391,0.699463696369637,0.699463696369637,0.07261737645880179,0.14384802326097376,0.0,0.961024090664897,False,False,False,
AlCu,Sensor_25,1457,0.0022878942829952,3392,0.6996699669966997,0.00020627062706270627,0.005481304899236929,0.025701229287030277,0.0,0.5717407539917296,False,False,False,
AlCu,Sensor_26,13,0.0,4752,0.9801980198019802,0.9801980198019802,0.0031190303999139597,0.031376153890454665,0.0,0.8723688103143972,False,True,True,
AlCu,Sensor_27,4340,0.0309709142439476,197,0.040635313531353134,0.0008250825082508251,0.14325507851626043,0.153265986540327,0.0,0.5769180729984733,False,False,False,
AlCu,Sensor_28,4391,8.161047140120028e-14,196,0.040429042904290426,0.00020627062706270627,0.00233745260005973,0.022358034497922324,0.0,0.7929825481612842,False,False,False,
AlCu,Sensor_29,4341,0.055188630084591,196,0.040429042904290426,0.0006188118811881188,0.27708025283256466,0.2847204184064553,0.0,0.9300520867353884,False,False,False,
AlCu,Sensor_30,4392,1.735311449778991e-13,99,0.02042079207920792,0.0016501650165016502,0.0019297756645675393,0.020108214158417313,0.0,0.998668576591614,False,False,False,
AlCu,Sensor_31,3673,0.1918043204969639,1176,0.24257425742574257,0.00020627062706270627,0.22717164852164212,0.1894850586231626,0.0,0.6893667209893868,False,False,False,
AlCu,Sensor_32,3655,0.0019725257894634,1194,0.24628712871287128,0.00020627062706270627,0.0025241146983217486,0.018059077727964768,0.0,0.7455258732034187,False,False,False,
AlCu,Sensor_33,3673,0.0065834187765669,1176,0.24257425742574257,0.00020627062706270627,0.06574546645019412,0.14427268066802593,0.0,0.7050299339983886,False,False,False,
AlCu,Sensor_34,4342,0.0302384802954523,196,0.040429042904290426,0.0006188118811881188,0.16379088469323302,0.1599069819106203,0.0,0.5095861530787407,False,False,False,
AlCu,Sensor_35,4272,0.546776357350281,504,0.10396039603960396,0.00020627062706270627,0.5467707463420213,0.007937711119564062,0.0,0.5935632259995192,False,False,False,
AlCu,Sensor_36,4391,3.3420262584945883e-13,99,0.02042079207920792,0.0016501650165016502,0.002514129823402475,0.012362393397692767,0.0,0.7472717977058688,False,False,False,
AlCu,Sensor_37,3672,0.2370484121183982,1176,0.24257425742574257,0.00020627062706270627,0.2557693530020632,0.13637203711769585,0.0,0.9596322393286184,False,False,False,
AlCu,Sensor_38,3659,4.8235290731685554e-05,1176,0.24257425742574257,0.00020627062706270627,0.001294860456408448,0.023605439515628008,0.0,0.6706134490561488,False,False,False,
AlCu,Sensor_39,2820,0.5844758589632759,1177,0.24278052805280528,0.00020627062706270627,0.5815739115095586,0.015747785221521732,0.0,0.7877502356330646,False,False,False,
AlCu,Sensor_40,3519,0.2917480724891697,1274,0.26278877887788776,0.00020627062706270627,0.29165144818907984,0.008640045312262748,0.0,0.5784239314282216,False,False,False,
AlCu,Sensor_41,463,0.0388664308100185,3360,0.693069306930693,0.0016501650165016502,0.046591049047595,0.05254897395795184,0.0,0.9411772951053512,False,False,False,
AlCu,Sensor_42,55,0.1484617337638168,3417,0.7048267326732673,0.00020627062706270627,0.1557063303901966,0.07062494029433292,0.0,0.721099849709902,False,False,False,
AlCu,Sensor_43,3670,0.0326329207535778,1176,0.24257425742574257,0.0008250825082508251,0.051911271826964915,0.07226177593222627,0.0,0.8143175628102486,False,False,False,
AlCu,Sensor_44,3672,0.0,1175,0.24236798679867988,0.24236798679867988,0.031410999437493,0.048804169084277614,0.0,0.7042629782201384,False,False,False,
AlCu,Sensor_45,3673,0.1382274886823075,1176,0.24257425742574257,0.00020627062706270627,0.16286731829457587,0.08556890022264346,0.0,0.542802147184763,False,False,False,
AlCu,Sensor_46,3659,0.0136566790024988,1176,0.24257425742574257,0.003094059405940594,0.014599960193135409,0.019753087160166962,0.0,0.5744517170309873,False,False,False,
AlCu,Sensor_47,3670,0.6281585808524457,1176,0.24257425742574257,0.00020627062706270627,0.6253846473506152,0.06611605299708717,0.0,0.8247265353329486,False,False,False,
AlCu,Sensor_48,1081,0.3810141041836016,1180,0.2433993399339934,0.00020627062706270627,0.3796552866293123,0.042342942303117075,0.0,0.5227516279335636,False,False,False,
AlCu,Sensor_49,3673,0.4406878058111587,1176,0.24257425742574257,0.00020627062706270627,0.39492506448019743,0.14965361642103386,0.0,0.8493286625605211,False,False,False,
AlCu,Sensor_50,2425,0.0247774664946557,1094,0.22566006600660066,0.00020627062706270627,0.03973136786380193,0.050103142023545565,0.0,0.5762042509284881,False,False,False,
AlCu,Sensor_51,2092,0.0293560515623954,1914,0.3948019801980198,0.00020627062706270627,0.0441577669723401,0.05571374334450215,0.0,0.7020216659985672,False,False,False,
AlCu,Sensor_52,4847,2.1980890357142924e-11,2,0.00041254125412541255,0.00020627062706270627,0.0002175556893833849,0.010100040877015895,0.0,0.6582394637442526,False,False,False,
AlCu,Sensor_53,2516,2.020774064738748e-11,21,0.004331683168316832,0.0016501650165016502,0.00013248030920296155,0.009218089008163696,0.0,0.6418994325788181,False,False,False,
AlCu,Sensor_54,4848,0.06313013630127,1,0.00020627062706270627,0.00020627062706270627,0.029232570544301704,0.02411457424802594,0.0,0.5957461207990111,False,False,False,
AlCu,Sensor_55,2421,0.0281702242390251,1178,0.242986798679868,0.00020627062706270627,0.044442328708305945,0.055105942804072404,0.0,0.6825712834558818,False,False,False,
AlCu,Sensor_56,1599,0.0022626621724586,24,0.0049504950495049506,0.0020627062706270625,0.002406898324539838,0.010367281159315919,0.0,0.7241457663294366,False,False,False,
AlCu,Sensor_57,6,0.0,3794,0.7825907590759076,0.7825907590759076,0.051119527730097716,0.11248531276829755,0.0,0.903820096409605,False,False,False,
AlCu,Sensor_58,145,0.0,3679,0.7588696369636964,0.7588696369636964,0.013432337036598919,0.06241537883050729,0.0,0.6057671623575034,False,False,False,
AlCu,Sensor_59,1693,2.9638511508532135e-05,2749,0.5670379537953796,0.00020627062706270627,0.02714794313113578,0.06391551218384385,0.0,0.594059905940391,False,False,False,
AlCu,Sensor_60,1704,0.0,3142,0.648102310231023,0.648102310231023,0.03453497774286847,0.09248371498648504,0.0,0.5665307971919593,False,False,False,
AlCu,Sensor_61,3673,6.0379877187610186e-05,1176,0.24257425742574257,0.00020627062706270627,0.0006005344957944903,0.019853824305439884,0.0,0.8849917653398296,False,False,False,
AlCu,Sensor_62,3673,0.0003043575459775,1176,0.24257425742574257,0.00020627062706270627,0.0009420876650173767,0.02226655889559103,0.0,0.907436919843484,False,False,False,
AlCu,Sensor_63,2,0.5011944657246371,4836,0.9975247524752475,0.0024752475247524753,0.49995388536393265,0.024904476935692255,0.0,0.5011944657246371,False,True,True,
AlCu,Sensor_64,26,0.8777380427728383,3161,0.6520214521452146,0.00020627062706270627,0.8540087297704129,0.10565113246165066,0.0,0.9897897078076688,False,False,False,
AlCu,Sensor_65,12,0.1666992992706391,2541,0.5241336633663366,0.0020627062706270625,0.17967970056491844,0.09233360856920383,0.0,0.9168461459885152,False,False,False,
AlCu,Sensor_66,3639,0.6705367459014473,1176,0.24257425742574257,0.00020627062706270627,0.6622251236385338,0.056029263750028785,0.0,0.880741958777226,False,False,False,
AlCu,Sensor_67,3673,0.1669785410305528,1176,0.24257425742574257,0.00020627062706270627,0.16478304323544526,0.04485504206509391,0.0,0.9308182208917009,False,False,False,
AlCu,Sensor_68,113,0.5934435141634296,1404,0.2896039603960396,0.00020627062706270627,0.5859085183328756,0.06032268320155321,0.0,0.8004530846378279,False,False,False,
AlCu,Sensor_69,2521,0.3423911428783542,2328,0.4801980198019802,0.00020627062706270627,0.3580288388855937,0.09718142351629513,0.0,0.9476351978931288,False,False,False,
AlCu,Sensor_70,4848,0.607900561920871,1,0.00020627062706270627,0.00020627062706270627,0.6076219950127052,0.009863461608335471,0.0,0.6083290417836992,False,False,False,
AlCu,Sensor_71,263,0.0001607942693215,275,0.056724422442244224,0.00020627062706270627,0.0010564661239202897,0.012261271765505007,0.0,0.7065118431135313,False,False,False,
AlCu,Sensor_72,4848,0.0001006144667169,1,0.00020627062706270627,0.00020627062706270627,0.0002768364823615908,0.009828336092985569,0.0,0.6674747270884972,False,False,False,
AlCu,Sensor_73,2521,0.6012558279641224,2328,0.4801980198019802,0.00020627062706270627,0.6008918581956054,0.009349091181364955,0.0,0.6023317813494763,False,False,False,
AlCu,Sensor_74,2521,3.399948796775327e-05,2328,0.4801980198019802,0.00020627062706270627,0.00018193482877046886,0.007741456092419037,0.0,0.534581038962694,False,False,False,
AlCu,Sensor_75,3805,0.0777852389694869,254,0.052392739273927395,0.00020627062706270627,0.14885888361459887,0.126669641037205,0.0,0.6785833130632688,False,False,False,
AlCu,Sensor_76,98,0.0,2208,0.45544554455445546,0.45544554455445546,0.19002877401870266,0.24163882271973539,0.0,0.8261882283513529,False,False,False,
AlCu,Sensor_77,287,5.481996010984188e-05,101,0.020833333333333332,0.0006188118811881188,0.0019000672051354705,0.02403026236667244,0.0,0.6813938308452974,False,False,False,
AlCu,Sensor_78,417,0.2809160994482264,1414,0.2916666666666667,0.00020627062706270627,0.2856769516132748,0.04440335702099613,0.0,0.892556117395783,False,False,False,
AlCu,Sensor_79,301,0.5129168833268054,1185,0.24443069306930693,0.00020627062706270627,0.5169279812885013,0.04140140136808852,0.0,0.6285509938419765,False,False,False,
AlCu,Sensor_80,380,0.5051163023109836,1228,0.2533003300330033,0.00020627062706270627,0.48603673850014667,0.06041617834442101,0.0,0.6161240167927797,False,False,False,
AlCu,Sensor_81,3505,0.7459633571510353,84,0.017326732673267328,0.00020627062706270627,0.3163855241582378,0.26884612479911735,0.0,0.7816685182056228,False,False,False,
AlCu,Sensor_82,3962,0.4945249408952319,92,0.018976897689768978,0.00020627062706270627,0.507264214400131,0.19940394196561922,0.0,0.989088860910092,False,False,False,
AlCu,Sensor_83,150,0.2257935475789831,1701,0.35086633663366334,0.00020627062706270627,0.22546266108667923,0.03239919068861543,0.0,0.6773806427369493,False,False,False,
AlCu,Sensor_84,438,0.6567388803614698,324,0.06683168316831684,0.00020627062706270627,0.19017721958204034,0.254040448924618,0.0,0.6567388803614698,False,False,False,
AlCu,Sensor_85,3502,0.7621847611306725,84,0.017326732673267328,0.00020627062706270627,0.32326637740280784,0.2746925093650998,0.0,0.7986663515313828,False,False,False,
AlCu,Sensor_86,239,0.0003010351153903,1629,0.33601485148514854,0.0006188118811881188,0.00492094737613026,0.049162669537135835,0.0,0.8339641113517384,False,False,False,
AlCu,Sensor_87,138,0.1317318436647033,1725,0.3558168316831683,0.00020627062706270627,0.15317663639104223,0.06985119655984187,0.0,0.9237903973448816,False,False,False,
AlCu,Sensor_88,141,0.2331167298330943,2390,0.492986798679868,0.00020627062706270627,0.234538393534994,0.03251144255026022,0.0,0.6993501894992831,False,False,False,
AlCu,Sensor_89,4346,0.0433425625913301,186,0.038366336633663366,0.0006188118811881188,0.23517478599092198,0.22925955954893598,0.0,0.730419304555992,False,False,False,
AlCu,Sensor_90,4383,4.273272739942518e-13,98,0.020214521452145213,0.0008250825082508251,0.0021841941243689635,0.010740038073144305,0.0,0.649204991074843,False,False,False,
AlCu,Sensor_91,3428,0.1972897928831151,1176,0.24257425742574257,0.00020627062706270627,0.2086157650054217,0.10382259310145021,0.0,0.6847026173229848,False,False,False,
AlCu,Sensor_92,134,0.0199426865807324,2285,0.4713283828382838,0.0012376237623762376,0.03031566588571958,0.03651891133767753,0.0,0.8375928363907628,False,False,False,
AlCu,Sensor_93,3673,0.0261046883502678,1176,0.24257425742574257,0.00020627062706270627,0.03004002145072913,0.03211897706207528,0.0,0.5067994981859862,False,False,False,
AlCu,Sensor_94,3489,0.5490097457951503,1130,0.2330858085808581,0.0008250825082508251,0.4991650269673134,0.16986811971983914,0.0,0.6482227833336567,False,False,False,
AlCu,Sensor_95,3545,0.6393135394475962,1074,0.22153465346534654,0.0008250825082508251,0.5721730555312499,0.2107935865497797,0.0,0.7559314911304336,False,False,False,
AlCu,Sensor_96,3894,0.0,735,0.1516089108910891,0.1516089108910891,0.19993006755246426,0.1304657756059032,0.0,0.91422646815622,False,False,False,
AlCu,Sensor_97,3628,0.15808501030747,1176,0.24257425742574257,0.0024752475247524753,0.1604422096254797,0.030503829026066544,0.0,0.7160211230733782,False,False,False,
WTi,Sensor_1,914,0.1116567077372186,88,0.05057471264367816,0.032758620689655175,0.1335698736800978,0.09186235642097848,0.0,0.7097939627163681,False,False,False,
WTi,Sensor_2,335,0.5611276319591431,88,0.05057471264367816,0.0005747126436781609,0.5547517058630161,0.18478579617639396,0.0,0.9697313010109364,False,False,False,
WTi,Sensor_3,262,0.4846595737752291,102,0.05862068965517241,0.0005747126436781609,0.4794974105814984,0.16511018157519577,0.0,0.859037328368071,False,False,False,
WTi,Sensor_4,896,0.1041299776531907,88,0.05057471264367816,0.0339080459770115,0.1256930748375585,0.08777679554530664,0.0,0.6867467851360793,False,False,False,
WTi,Sensor_5,330,0.3168566484707505,97,0.05574712643678161,0.0005747126436781609,0.312987643352003,0.10436390421945034,0.0,0.5474629198506091,False,False,False,
WTi,Sensor_6,259,0.3588587937288897,101,0.058045977011494256,0.0005747126436781609,0.3553156528409822,0.12202990450539859,0.0,0.6360610954715651,False,False,False,
WTi,Sensor_7,1588,0.4493996923615277,90,0.05172413793103448,0.0005747126436781609,0.44308383534927304,0.1486598622792676,0.0,0.7746607100127934,False,False,False,
WTi,Sensor_8,1547,0.5215910197233391,168,0.09655172413793103,0.0005747126436781609,0.5136825860853179,0.06035842992471256,0.0,0.6641650645015642,False,False,False,
WTi,Sensor_9,1653,0.0478083641258192,88,0.05057471264367816,0.0005747126436781609,0.06719294555699058,0.06650243224118434,0.0,0.9186623695371148,False,False,False,
WTi,Sensor_10,1530,0.6015366520860905,190,0.10919540229885058,0.0011494252873563218,0.5912606689294809,0.06583663638021313,0.0,0.7309520326426298,False,False,False,
WTi,Sensor_11,1668,0.0,64,0.0367816091954023,0.0367816091954023,0.1176931715995542,0.10835482140143092,0.0,0.919793169785136,False,False,False,
WTi,Sensor_12,1675,0.1545151440514672,64,0.0367816091954023,0.0005747126436781609,0.15101959765854547,0.07234797309085218,0.0,0.9762024415772028,False,False,False,
WTi,Sensor_13,921,0.2996082481286562,156,0.0896551724137931,0.0005747126436781609,0.34229671782231763,0.21204538665779948,0.0,0.5553430230839214,False,False,False,
WTi,Sensor_14,1192,0.0001674153344855,290,0.16666666666666666,0.010919540229885057,0.0038218507415910003,0.03836314661301643,0.0,0.908041574928754,False,False,False,
WTi,Sensor_15,1630,0.1374309161345143,88,0.05057471264367816,0.0011494252873563218,0.13757525767956053,0.02707706738081469,0.0,0.8282854190494562,False,False,False,
WTi,Sensor_16,1017,0.2060436261126946,724,0.4160919540229885,0.0005747126436781609,0.20604953991112543,0.015855976469203868,0.0,0.5900426320380389,False,False,False,
WTi,Sensor_17,76,0.1395550900198975,152,0.08735632183908046,0.0011494252873563218,0.13966936825873208,0.027228542546629587,0.0,0.840881733423751,False,False,False,
WTi,Sensor_18,72,0.1884526256909889,805,0.46264367816091956,0.0005747126436781609,0.1884528794141354,0.01454672620432236,0.0,0.5405546014081277,False,False,False,
WTi,Sensor_19,1651,0.0234506980754065,90,0.05172413793103448,0.0005747126436781609,0.07280774694817069,0.14402553312542749,0.0,0.8703253371936345,False,False,False,
WTi,Sensor_20,433,0.4517893896728868,1282,0.7367816091954023,0.0005747126436781609,0.41397698458510246,0.14045929043398708,0.0,0.5491111256563139,False,False,False,
WTi,Sensor_21,1627,0.0846242904763325,88,0.05057471264367816,0.0005747126436781609,0.11547662821140034,0.11180987398459505,0.0,0.9543652355187876,False,False,False,
WTi,Sensor_22,923,0.0883654398705941,88,0.05057471264367816,0.0005747126436781609,0.1169818013078465,0.10448395271772336,0.0,0.9015960678565688,False,False,False,
WTi,Sensor_23,714,0.0317111825632412,88,0.05057471264367816,0.014367816091954023,0.0406158142428025,0.046444399988404564,0.0,0.6934117974621183,False,False,False,
WTi,Sensor_24,1629,0.0367971514054385,88,0.05057471264367816,0.014367816091954023,0.04620491321811968,0.052573313544310156,0.0,0.7473486184274307,False,False,False,
WTi,Sensor_25,950,0.0620712461260438,89,0.051149425287356325,0.0005747126436781609,0.08729480281821024,0.09088345328595351,0.0,0.7691604398304925,False,False,False,
WTi,Sensor_26,1361,0.0599052941608587,376,0.2160919540229885,0.0005747126436781609,0.046341765837529705,0.041027147291613636,0.0,0.5806008414424804,False,False,False,
WTi,Sensor_27,839,0.1995223083846951,376,0.2160919540229885,0.0005747126436781609,0.18518262964824445,0.04653242304894511,0.0,0.7893924964058769,False,False,False,
WTi,Sensor_28,818,0.0106592770140142,377,0.21666666666666667,0.0028735632183908046,0.01625303615026906,0.03046352790052536,0.0,0.9915657047192156,False,False,False,
WTi,Sensor_29,1361,0.0025631909211663,376,0.2160919540229885,0.0028735632183908046,0.0032794959956540665,0.01333835104127095,0.0,0.5478045915183389,False,False,False,
WTi,Sensor_30,862,0.0665791421824745,376,0.2160919540229885,0.0005747126436781609,0.05236577703814677,0.0445922497823428,0.0,0.6397411702784959,False,False,False,
WTi,Sensor_31,410,0.7674934279979947,1282,0.7367816091954023,0.0005747126436781609,0.6960399727541179,0.23381639168563284,0.0,0.8729288187917812,False,False,False,
WTi,Sensor_32,1647,0.2744498472481907,88,0.05057471264367816,0.0005747126436781609,0.27706765647673853,0.047025902099941695,0.0,0.5027281336253879,False,False,False,
WTi,Sensor_33,1653,0.1340449015630002,88,0.05057471264367816,0.0005747126436781609,0.18878968171538912,0.1638166146243891,0.0,0.958222170370768,False,False,False,
WTi,Sensor_34,1724,0.0018029250643103,5,0.0028735632183908046,0.0005747126436781609,0.08692930675207912,0.09298707445276627,0.0,0.5267743234275606,False,False,False,
WTi,Sensor_35,1733,1.5718008758698692e-14,5,0.0028735632183908046,0.0005747126436781609,0.004177531996302457,0.023245378328096887,0.0,0.5680228142894352,False,False,False,
WTi,Sensor_36,1721,0.0027441601734229,5,0.0028735632183908046,0.0005747126436781609,0.12167824621837535,0.11492446740600248,0.0,0.5381067737569336,False,False,False,
WTi,Sensor_37,1732,1.2985632627036846e-13,3,0.0017241379310344827,0.0005747126436781609,0.011546491007701266,0.03041000032723864,0.0,0.7324321107084828,False,False,False,
WTi,Sensor_38,1653,0.2982604166013809,88,0.05057471264367816,0.0005747126436781609,0.30756714237876553,0.21498754423594324,0.0,0.744470211927414,False,False,False,
WTi,Sensor_39,1633,0.0001188682931934,108,0.06206896551724138,0.0005747126436781609,0.0007574020294317233,0.02059546910323914,0.0,0.8586841088625381,False,False,False,
WTi,Sensor_40,1653,0.0033790262954911,88,0.05057471264367816,0.0005747126436781609,0.04380352590296546,0.14843910433044055,0.0,0.8863362672454063,False,False,False,
WTi,Sensor_41,1726,0.6409036443813403,5,0.0028735632183908046,0.0005747126436781609,0.3290411798321516,0.235543348191292,0.0,0.7949354004698239,False,False,False,
WTi,Sensor_42,1724,7.485436118682474e-12,10,0.005747126436781609,0.0005747126436781609,0.007420488259541616,0.024160038533861172,0.0,0.8243212933804833,False,False,False,
WTi,Sensor_43,1728,9.916934260858575e-14,5,0.0028735632183908046,0.0005747126436781609,0.0027621685398391874,0.01636438089628755,0.0,0.5848839926260552,False,False,False,
WTi,Sensor_44,1643,0.2804755519318838,88,0.05057471264367816,0.0005747126436781609,0.30002144399927877,0.15881464776684553,0.0,0.8878965713633495,False,False,False,
WTi,Sensor_45,252,0.0,1454,0.835632183908046,0.835632183908046,0.0012422484097094405,0.022987780600072037,0.0,0.6373647076994606,False,False,True,
WTi,Sensor_46,283,0.0,1454,0.835632183908046,0.835632183908046,0.0009080923675318797,0.01972526142046752,0.0,0.5418695250077366,False,False,True,
WTi,Sensor_47,185,0.3877514838915362,1555,0.8936781609195402,0.0005747126436781609,0.3876848070652737,0.02221285628806871,0.0,0.8982712012130623,False,False,True,
WTi,Sensor_48,268,0.0,1450,0.8333333333333334,0.8333333333333334,0.02767129842797596,0.06398624907678939,0.0,0.5621355241071933,False,False,True,
WTi,Sensor_49,1454,0.0065607463035535,134,0.07701149425287357,0.0005747126436781609,0.09787457102930024,0.25356643971952314,0.0,0.8413217642917944,False,False,False,
WTi,Sensor_50,193,0.7112214642762718,128,0.0735632183908046,0.0005747126436781609,0.7092989255914507,0.049831708590996074,0.0,0.8305990622989773,False,False,False,
WTi,Sensor_51,900,0.4102612479169284,241,0.1385057471264368,0.0005747126436781609,0.40986951233178726,0.03218061119597818,0.0,0.7971304071368512,False,False,False,
WTi,Sensor_52,67,0.0365017124658758,1098,0.6310344827586207,0.014367816091954023,0.05389247087634194,0.06696268192468319,0.0,0.6257436422721578,False,False,False,
WTi,Sensor_53,2,0.981833535009077,1465,0.8419540229885057,0.15804597701149425,0.8266586947059182,0.3581572712317991,0.0,0.981833535009077,False,False,True,
WTi,Sensor_54,621,0.1670336797931872,99,0.056896551724137934,0.02413793103448276,0.09529352848816057,0.11656857877581168,0.0,0.8761044430290379,False,False,False,
WTi,Sensor_55,1467,0.0,87,0.05,0.05,0.10878461033121034,0.10003351658121117,0.0,0.9104354441000092,False,False,False,
WTi,Sensor_56,1555,0.1774511769656438,88,0.05057471264367816,0.0005747126436781609,0.1731245745581476,0.09956815733111206,0.0,0.66253397424092,False,False,False,
WTi,Sensor_57,1452,0.0,156,0.0896551724137931,0.0896551724137931,0.3252787635722608,0.11096052780300329,0.0,0.5579055948579197,False,False,False,
WTi,Sensor_58,1649,0.3462399353130568,88,0.05057471264367816,0.0005747126436781609,0.34135060127334377,0.10099576950112023,0.0,0.602047264830472,False,False,False,
WTi,Sensor_59,577,0.3099181144602203,91,0.052298850574712646,0.0005747126436781609,0.30582377964095514,0.10309070093700272,0.0,0.589550907379473,False,False,False,
WTi,Sensor_60,1653,0.581545082399358,88,0.05057471264367816,0.0005747126436781609,0.5835508414092286,0.03964345539212403,0.0,0.7081283294686772,False,False,False,
WTi,Sensor_61,1399,0.0017455224538634,84,0.04827586206896552,0.0005747126436781609,0.0036777035000570128,0.01826771371743263,0.0,0.5359266175554533,False,False,False,
WTi,Sensor_62,1144,0.0033411392141059,427,0.2454022988505747,0.0005747126436781609,0.006349707117368363,0.0274264468284153,0.0,0.583919786438118,False,False,False,
WTi,Sensor_63,1740,0.0654021234114398,1,0.0005747126436781609,0.0005747126436781609,0.09852765624016095,0.09040211385584832,0.0,0.8388857393895923,False,False,False,
WTi,Sensor_64,1412,0.0009882583482938,5,0.0028735632183908046,0.0005747126436781609,0.0023354228887003566,0.020449194297007478,0.0,0.8528470318202863,False,False,False,
WTi,Sensor_65,1740,0.2002115904214229,1,0.0005747126436781609,0.0005747126436781609,0.19041322229631563,0.09786276443983309,0.0,0.5412129565255891,False,False,False,
WTi,Sensor_66,1390,0.0330553264968757,88,0.05057471264367816,0.0005747126436781609,0.05034942413618151,0.08581704738131207,0.0,0.7168676526773049,False,False,False,
WTi,Sensor_67,994,0.7546589026404629,8,0.004597701149425287,0.0011494252873563218,0.7537916291237466,0.025570630578066886,0.0,0.7549476262649422,False,False,False,
WTi,Sensor_68,557,0.3341028008980798,745,0.4281609195402299,0.22816091954022988,0.26512098401651363,0.14494745036096468,0.0,0.5605502548401083,False,False,False,
WTi,Sensor_69,568,0.0,1142,0.6563218390804598,0.6563218390804598,0.018031086443450847,0.035428526455678414,0.0,0.5898969598662726,False,False,False,
WTi,Sensor_70,1652,0.0004817331910424,88,0.05057471264367816,0.0005747126436781609,0.007056833461038179,0.05677380425152563,0.0,0.8843217622935413,False,False,False,
WTi,Sensor_71,1653,0.0001322233775474,88,0.05057471264367816,0.0005747126436781609,0.013902365927527506,0.09406144606195886,0.0,0.8538013977796295,False,False,False,
WTi,Sensor_72,2,0.5808560085572284,1609,0.924712643678161,0.07528735632183908,0.5371248952692992,0.15326144213333262,0.0,0.5808560085572284,False,False,True,
WTi,Sensor_73,3,0.0,1332,0.7655172413793103,0.7655172413793103,0.19389432295771916,0.3667799741750197,0.0,0.975075496955004,False,False,False,
WTi,Sensor_74,368,0.2874808166184908,1065,0.6120689655172413,0.0005747126436781609,0.4319393008041541,0.238971834577399,0.0,0.927334964286388,False,False,False,
WTi,Sensor_75,547,0.0,1056,0.6068965517241379,0.6068965517241379,0.10675774009603724,0.1891388369477451,0.0,0.8501488290237372,False,False,False,
WTi,Sensor_76,2,0.5235354689595714,1007,0.578735632183908,0.42126436781609194,0.30298863059901626,0.2585018076103283,0.0,0.5235354689595714,False,False,False,
WTi,Sensor_77,7,0.2327378028654947,1123,0.6454022988505748,0.10574712643678161,0.19341313962270423,0.08941496800048467,0.0,0.6982134085964842,False,False,False,
WTi,Sensor_78,1651,0.425734024766984,88,0.05057471264367816,0.0005747126436781609,0.44360472625213765,0.17857968787315232,0.0,0.9420967892514466,False,False,False,
WTi,Sensor_79,1653,0.1625280328567162,88,0.05057471264367816,0.0005747126436781609,0.18553733832660116,0.10879531478385003,0.0,0.5628524052495036,False,False,False,
WTi,Sensor_80,257,0.3621286564169761,99,0.056896551724137934,0.0005747126436781609,0.3786359773484299,0.15489499494950654,0.0,0.8140874133880075,False,False,False,
WTi,Sensor_81,1740,0.293958036052131,1,0.0005747126436781609,0.0005747126436781609,0.4326003774501667,0.14638319747894338,0.0,0.931014279399691,False,False,False,
WTi,Sensor_82,329,0.0121611395355147,26,0.014942528735632184,0.0005747126436781609,0.049407485231771964,0.041999048991219964,0.0,0.6482833470094991,False,False,False,
WTi,Sensor_83,1740,0.0484325105777756,1,0.0005747126436781609,0.0005747126436781609,0.12528674780963697,0.10143427904113465,0.0,0.6226647748932428,False,False,False,
WTi,Sensor_84,1363,0.0781504893574499,154,0.08850574712643679,0.0005747126436781609,0.09546572718104716,0.11468199612059037,0.0,0.8605189279655577,False,False,False,
WTi,Sensor_85,98,0.0372162637945711,591,0.3396551724137931,0.0005747126436781609,0.3247739287139573,0.2717232026537596,0.0,0.7740982869270794,False,False,False,
WTi,Sensor_86,223,0.0002842013009767,106,0.06091954022988506,0.0005747126436781609,0.003013531943071303,0.022122073643832216,0.0,0.6125801152943109,False,False,False,
WTi,Sensor_87,487,0.0092842686330546,195,0.11206896551724138,0.0005747126436781609,0.011169465969734388,0.026800389304704846,0.0,0.7171617959704504,False,False,False,
WTi,Sensor_88,108,0.7295208973597912,259,0.14885057471264368,0.0005747126436781609,0.7299747673258062,0.021816302674726677,0.0,0.7542363620497887,False,False,False,
WTi,Sensor_89,247,0.5143944123163785,206,0.11839080459770115,0.0005747126436781609,0.4362409327753981,0.18170513329605797,0.0,0.8054742901246474,False,False,False,
WTi,Sensor_90,1223,0.0692208933630518,25,0.014367816091954023,0.0005747126436781609,0.09227959539773571,0.10982242163496958,0.0,0.760738741615745,False,False,False,
WTi,Sensor_91,1416,0.3661519998289828,56,0.03218390804597701,0.0005747126436781609,0.37006233813525374,0.06989472505778078,0.0,0.6893247645384746,False,False,False,
WTi,Sensor_92,169,0.0029708522919038,196,0.11264367816091954,0.0005747126436781609,0.004070692742422553,0.016696447423339266,0.0,0.5869933498736026,False,False,False,
WTi,Sensor_93,230,0.0205713087254969,113,0.06494252873563218,0.0005747126436781609,0.0531192734498185,0.14193293649213173,0.0,0.7093169368789569,False,False,False,
WTi,Sensor_94,1207,0.0786168302641208,37,0.021264367816091954,0.0005747126436781609,0.10485756341902576,0.12473401537304095,0.0,0.8640002406682187,False,False,False,
WTi,Sensor_95,203,0.000322171728449,95,0.05459770114942529,0.0005747126436781609,0.0011514940354458852,0.022468034741719507,0.0,0.9295871692156852,False,False,False,
WTi,Sensor_96,94,0.0363457902488107,538,0.30919540229885056,0.0005747126436781609,0.03838332040520953,0.03271652103852584,0.0,0.7595564418501466,False,False,False,
WTi,Sensor_97,144,0.0385232044552713,477,0.27413793103448275,0.0005747126436781609,0.04007842405560437,0.02783130237342996,0.0,0.8225972879490868,False,False,False,
WTi,Sensor_98,1728,0.690880560297549,5,0.0028735632183908046,0.0005747126436781609,0.35469940418044993,0.25391072727116637,0.0,0.8569234580763417,False,False,False,
WTi,Sensor_99,1732,1.1239146848715881e-13,3,0.0017241379310344827,0.0005747126436781609,0.003638348620836552,0.02155525350740254,0.0,0.7704124547749218,False,False,False,
WTi,Sensor_100,284,0.0,1451,0.8339080459770115,0.8339080459770115,0.0019643949284842443,0.026183917918442337,0.0,0.6618425065263817,False,False,True,
WTi,Sensor_101,395,0.0405400317665041,1346,0.7735632183908046,0.0005747126436781609,0.04550457271963598,0.037115483981378296,0.0,0.7257791803920841,False,False,False,
WTi,Sensor_102,1510,0.1903871077290874,88,0.05057471264367816,0.0005747126436781609,0.19982458819437274,0.1000387765682335,0.0,0.5450229200321235,False,False,False,
WTi,Sensor_103,74,0.0492239986411825,522,0.3,0.0028735632183908046,0.06248618861991028,0.06463140501890237,0.0,0.9303335743183496,False,False,False,
WTi,Sensor_104,1652,0.0361699821258577,88,0.05057471264367816,0.0005747126436781609,0.047396400264946716,0.05123785560769741,0.0,0.5885143565279951,False,False,False,
WTi,Sensor_105,1588,0.3980458263322767,104,0.059770114942528735,0.0017241379310344827,0.3628131697277456,0.11949011909519387,0.0,0.5101864188674972,False,False,False,
WTi,Sensor_106,1609,0.4760400406650995,84,0.04827586206896552,0.0011494252873563218,0.42806928971587027,0.15150201487736165,0.0,0.6114188013362885,False,False,False,
WTi,Sensor_107,1667,0.190518105337611,62,0.035632183908045977,0.007471264367816092,0.18594526389958982,0.07739449704240167,0.0,0.9270268217359684,False,False,False,
WTi,Sensor_108,1468,0.583614964343927,134,0.07701149425287357,0.07528735632183908,0.5450646901556844,0.1585496332408854,0.0,0.7029687714583251,False,False,False,
