validation,zero_output_treatment,model,ridge_alpha,target,mae,rmse,r2
ordinary fixed split,excluded,Linear Regression,,RAW_VALUE_t_1,0.020813651578599435,0.21031043983026906,-221.5809042776394
ordinary fixed split,excluded,Linear Regression,,RAW_VALUE_t_2,0.03059387190717756,0.29747053816311403,-183.43701857155935
ordinary fixed split,excluded,Linear Regression,,RAW_VALUE_t_3,0.021613321594301484,0.2201396444053987,-223.51414998002411
ordinary fixed split,excluded,Linear Regression,,RAW_VALUE_t_4,0.01927250786766276,0.2007569713286623,-264.75011125741673
ordinary fixed split,excluded,Linear Regression,,RAW_VALUE_t_5,0.025565997398693502,0.2546447250976845,-220.25838616193244
ordinary fixed split,excluded,Linear Regression,,RAW_VALUE_t_6,0.017714316563676984,0.1792800386307809,-257.8158483316748
ordinary fixed split,excluded,Linear Regression,,RAW_VALUE_t_7,0.011926554144821246,0.12480065091904428,-213.3289019031912
ordinary fixed split,excluded,Linear Regression,,RAW_VALUE_t_8,0.018429822922324805,0.20795293270104714,-218.20480842896708
ordinary fixed split,excluded,Linear Regression,,RAW_VALUE_t_9,0.010935339457368397,0.09363874543097489,-101.43376077419735
ordinary fixed split,excluded,Linear Regression,,RAW_VALUE_t_10,0.014059920884082998,0.11110707598533243,-95.49231649890616
ordinary fixed split,excluded,Linear Regression,,RAW_VALUE_t_11,0.01100018542114551,0.08475272728920275,-82.37042708830253
ordinary fixed split,excluded,Linear Regression,,RAW_VALUE_t_12,0.018487080145872622,0.1489335085357771,-105.46608935363489
ordinary fixed split,excluded,Linear Regression,,RAW_VALUE_t_13,0.013513660594642748,0.12437996780518788,-216.6642245761816
ordinary fixed split,excluded,Linear Regression,,RAW_VALUE_t_14,0.022104545458891945,0.21606273147343236,-210.13709602434136
ordinary fixed split,excluded,Linear Regression,,RAW_VALUE_t_15,0.017164601662740853,0.15268079787078917,-100.7058477811186
ordinary fixed split,excluded,Linear Regression,,RAW_VALUE_t_16,0.015377296835578936,0.12368850201359867,-68.66436788799152
ordinary fixed split,excluded,Linear Regression,,RAW_VALUE_t_17,0.020652132734682138,0.18626379307527757,-222.56525871982015
ordinary fixed split,excluded,Ridge,1000.0,RAW_VALUE_t_1,0.006748468310638549,0.015249937538894223,-0.17031391546984698
ordinary fixed split,excluded,Ridge,1000.0,RAW_VALUE_t_2,0.010258441353554384,0.022102192320812338,-0.018194817220003046
ordinary fixed split,excluded,Ridge,1000.0,RAW_VALUE_t_3,0.00683478224474238,0.015924178117764237,-0.17479272834671034
ordinary fixed split,excluded,Ridge,1000.0,RAW_VALUE_t_4,0.00608917058277578,0.011363107268023002,0.14861420958553906
ordinary fixed split,excluded,Ridge,1000.0,RAW_VALUE_t_5,0.009003686528610727,0.014928898158774696,0.23952335223102672
ordinary fixed split,excluded,Ridge,1000.0,RAW_VALUE_t_6,0.005962976758590804,0.010690395320210832,0.07973157204004544
ordinary fixed split,excluded,Ridge,1000.0,RAW_VALUE_t_7,0.004619310774399139,0.010238195696615753,-0.4424271591547835
ordinary fixed split,excluded,Ridge,1000.0,RAW_VALUE_t_8,0.007831558851916942,0.018524471930472273,-0.7394488028778803
ordinary fixed split,excluded,Ridge,1000.0,RAW_VALUE_t_9,0.0053688627847993005,0.011910537460061803,-0.6572753229392974
ordinary fixed split,excluded,Ridge,1000.0,RAW_VALUE_t_10,0.006669660141140939,0.013642841150272067,-0.45485242024122696
ordinary fixed split,excluded,Ridge,1000.0,RAW_VALUE_t_11,0.005688976496291689,0.009180845925796753,0.02170449158591803
ordinary fixed split,excluded,Ridge,1000.0,RAW_VALUE_t_12,0.009009642113955281,0.01428436823368405,0.02062607889851975
ordinary fixed split,excluded,Ridge,1000.0,RAW_VALUE_t_13,0.005000656001715337,0.007823751633239354,0.13877568196330337
ordinary fixed split,excluded,Ridge,1000.0,RAW_VALUE_t_14,0.00836442007797753,0.01703045678211142,-0.3117691492108723
ordinary fixed split,excluded,Ridge,1000.0,RAW_VALUE_t_15,0.008595444831683164,0.01972549891136084,-0.6975910453321914
ordinary fixed split,excluded,Ridge,1000.0,RAW_VALUE_t_16,0.009030865625051064,0.015602734402274618,-0.10854537076685333
ordinary fixed split,excluded,Ridge,1000.0,RAW_VALUE_t_17,0.007465589532927049,0.011181573883833184,0.19433720841509383
ordinary fixed split,excluded,Random Forest,,RAW_VALUE_t_1,0.004553389063007395,0.006932832013174734,0.7581268874310123
ordinary fixed split,excluded,Random Forest,,RAW_VALUE_t_2,0.0070356826369914645,0.010958584872874365,0.7496952299656197
ordinary fixed split,excluded,Random Forest,,RAW_VALUE_t_3,0.004565578389255578,0.007222091719311228,0.758357569396007
ordinary fixed split,excluded,Random Forest,,RAW_VALUE_t_4,0.0041264273981310145,0.006700315102473951,0.7039789198254212
ordinary fixed split,excluded,Random Forest,,RAW_VALUE_t_5,0.006450789454757506,0.010306743570268853,0.6375289600725432
ordinary fixed split,excluded,Random Forest,,RAW_VALUE_t_6,0.004417520591308649,0.007150585996386062,0.5882721349771391
ordinary fixed split,excluded,Random Forest,,RAW_VALUE_t_7,0.003352037473499393,0.005336853453705955,0.6080618006933753
ordinary fixed split,excluded,Random Forest,,RAW_VALUE_t_8,0.005527209948679629,0.008753292164644166,0.6116146619621836
ordinary fixed split,excluded,Random Forest,,RAW_VALUE_t_9,0.0037193740230557926,0.005916336895252137,0.5910805789044551
ordinary fixed split,excluded,Random Forest,,RAW_VALUE_t_10,0.004705945260180076,0.007545908322415965,0.5549258767991674
ordinary fixed split,excluded,Random Forest,,RAW_VALUE_t_11,0.004171711429814465,0.006493537268060902,0.5105962009819467
ordinary fixed split,excluded,Random Forest,,RAW_VALUE_t_12,0.006689820512951768,0.01023200761124771,0.49748599505899016
ordinary fixed split,excluded,Random Forest,,RAW_VALUE_t_13,0.003937022063584962,0.006032521033860088,0.4879836096183572
ordinary fixed split,excluded,Random Forest,,RAW_VALUE_t_14,0.006621208021871059,0.009878851981910328,0.5586147903994951
ordinary fixed split,excluded,Random Forest,,RAW_VALUE_t_15,0.006159046649779321,0.009266126613463734,0.6253950230968932
ordinary fixed split,excluded,Random Forest,,RAW_VALUE_t_16,0.006533170897378948,0.010099711633117014,0.5355168228720412
ordinary fixed split,excluded,Random Forest,,RAW_VALUE_t_17,0.005726627519902778,0.00885807505697016,0.4943777895404732
identical-target-profile sensitivity,excluded,Linear Regression,,RAW_VALUE_t_1,0.005609536828082531,0.018235447668935274,-0.48354196705834407
identical-target-profile sensitivity,excluded,Linear Regression,,RAW_VALUE_t_2,0.00869903709029909,0.02674345539186965,-0.32155686045210086
identical-target-profile sensitivity,excluded,Linear Regression,,RAW_VALUE_t_3,0.006256647819287594,0.02107807864898767,-0.8789045112249712
identical-target-profile sensitivity,excluded,Linear Regression,,RAW_VALUE_t_4,0.005663627085718753,0.020243778485160898,-1.413320822800479
identical-target-profile sensitivity,excluded,Linear Regression,,RAW_VALUE_t_5,0.008082847073208334,0.02506090599900212,-0.9265988187401253
identical-target-profile sensitivity,excluded,Linear Regression,,RAW_VALUE_t_6,0.005578766358825817,0.016200439152215952,-0.9017782523088698
identical-target-profile sensitivity,excluded,Linear Regression,,RAW_VALUE_t_7,0.004424312520064913,0.013311254584102174,-1.205277187110791
identical-target-profile sensitivity,excluded,Linear Regression,,RAW_VALUE_t_8,0.007654294588405415,0.025868464403492036,-2.0872327249446903
identical-target-profile sensitivity,excluded,Linear Regression,,RAW_VALUE_t_9,0.0054794544975865535,0.019937073247092096,-3.2576455946331846
identical-target-profile sensitivity,excluded,Linear Regression,,RAW_VALUE_t_10,0.006882716183060216,0.024869392332508806,-3.4805728944923695
identical-target-profile sensitivity,excluded,Linear Regression,,RAW_VALUE_t_11,0.005614927927623841,0.016718470501648097,-1.9799315447248902
identical-target-profile sensitivity,excluded,Linear Regression,,RAW_VALUE_t_12,0.008577228800250376,0.02304275912955845,-1.3702106605284654
identical-target-profile sensitivity,excluded,Linear Regression,,RAW_VALUE_t_13,0.004808438013496991,0.011315618136258318,-0.6169817628280649
identical-target-profile sensitivity,excluded,Linear Regression,,RAW_VALUE_t_14,0.00852136364988307,0.024567640579294985,-1.4852271213948556
identical-target-profile sensitivity,excluded,Linear Regression,,RAW_VALUE_t_15,0.009136268938299497,0.03275445575069182,-3.2606557347128318
identical-target-profile sensitivity,excluded,Linear Regression,,RAW_VALUE_t_16,0.009119002460403498,0.029279004721620205,-2.5114571129211294
identical-target-profile sensitivity,excluded,Linear Regression,,RAW_VALUE_t_17,0.007283144914304123,0.017878468259654747,-0.8747755498696306
identical-target-profile sensitivity,excluded,Ridge,100000000000.0,RAW_VALUE_t_1,0.012195090606237658,0.015009581406448232,-0.005088117636576461
identical-target-profile sensitivity,excluded,Ridge,100000000000.0,RAW_VALUE_t_2,0.018947277507264323,0.02333745581912958,-0.006370347397899323
identical-target-profile sensitivity,excluded,Ridge,100000000000.0,RAW_VALUE_t_3,0.012432290188592845,0.015417841156177952,-0.005286387416211014
identical-target-profile sensitivity,excluded,Ridge,100000000000.0,RAW_VALUE_t_4,0.010473010300166535,0.013054309326024641,-0.003551595349802872
identical-target-profile sensitivity,excluded,Ridge,100000000000.0,RAW_VALUE_t_5,0.014197244891503941,0.018117719467546728,-0.006942835691437832
identical-target-profile sensitivity,excluded,Ridge,100000000000.0,RAW_VALUE_t_6,0.009039822272812519,0.011786789155866857,-0.00669365618038209
identical-target-profile sensitivity,excluded,Ridge,100000000000.0,RAW_VALUE_t_7,0.0068777556345513205,0.00898872785322568,-0.0055916745631947595
identical-target-profile sensitivity,excluded,Ridge,100000000000.0,RAW_VALUE_t_8,0.011434800346447884,0.014750864437350717,-0.0038365737658949683
identical-target-profile sensitivity,excluded,Ridge,100000000000.0,RAW_VALUE_t_9,0.0074066145353744875,0.009677288170117388,-0.0031226726854101106
identical-target-profile sensitivity,excluded,Ridge,100000000000.0,RAW_VALUE_t_10,0.008859963944254584,0.011759020614650803,-0.001718059008577466
identical-target-profile sensitivity,excluded,Ridge,100000000000.0,RAW_VALUE_t_11,0.007188615905304855,0.009691272693329027,-0.0013244687815812117
identical-target-profile sensitivity,excluded,Ridge,100000000000.0,RAW_VALUE_t_12,0.01110187301615932,0.014983352372694086,-0.002157482331669458
identical-target-profile sensitivity,excluded,Ridge,100000000000.0,RAW_VALUE_t_13,0.006416852173272105,0.008920340289102924,-0.004873514193206363
identical-target-profile sensitivity,excluded,Ridge,100000000000.0,RAW_VALUE_t_14,0.01175357848244636,0.01560800497121813,-0.003076311319148761
identical-target-profile sensitivity,excluded,Ridge,100000000000.0,RAW_VALUE_t_15,0.012213651778247759,0.01588314041535973,-0.0018631886304028011
identical-target-profile sensitivity,excluded,Ridge,100000000000.0,RAW_VALUE_t_16,0.01149224923545408,0.01562849263118816,-0.00048120350665992184
identical-target-profile sensitivity,excluded,Ridge,100000000000.0,RAW_VALUE_t_17,0.00943145543172271,0.013085357825025606,-0.0042916956559437835
identical-target-profile sensitivity,excluded,Random Forest,,RAW_VALUE_t_1,0.00434754381448742,0.006132421145985407,0.8322235802821769
identical-target-profile sensitivity,excluded,Random Forest,,RAW_VALUE_t_2,0.006792651389309049,0.009702708853298528,0.8260450409794245
identical-target-profile sensitivity,excluded,Random Forest,,RAW_VALUE_t_3,0.004466564519708432,0.00642122202733647,0.8256274809910129
identical-target-profile sensitivity,excluded,Random Forest,,RAW_VALUE_t_4,0.004093790972698968,0.005845133806946782,0.7988033143643204
identical-target-profile sensitivity,excluded,Random Forest,,RAW_VALUE_t_5,0.006166775672309383,0.009005390411420967,0.751227227776575
identical-target-profile sensitivity,excluded,Random Forest,,RAW_VALUE_t_6,0.004278050118101794,0.006434725864257308,0.6999688122370424
identical-target-profile sensitivity,excluded,Random Forest,,RAW_VALUE_t_7,0.0032886740287077767,0.004945538457633101,0.6955945859258608
identical-target-profile sensitivity,excluded,Random Forest,,RAW_VALUE_t_8,0.005551395589510587,0.008210341790968162,0.6890070493523026
identical-target-profile sensitivity,excluded,Random Forest,,RAW_VALUE_t_9,0.0037647472497008526,0.005501170779845927,0.6758418432211828
identical-target-profile sensitivity,excluded,Random Forest,,RAW_VALUE_t_10,0.004742487578047993,0.0069620908889949365,0.6488581627477212
identical-target-profile sensitivity,excluded,Random Forest,,RAW_VALUE_t_11,0.004118450017094678,0.005950962883605144,0.6224385162249078
identical-target-profile sensitivity,excluded,Random Forest,,RAW_VALUE_t_12,0.006445920011944906,0.009337159039157869,0.6108227012858947
identical-target-profile sensitivity,excluded,Random Forest,,RAW_VALUE_t_13,0.0037860455182354364,0.005766371159414006,0.5800923940282523
identical-target-profile sensitivity,excluded,Random Forest,,RAW_VALUE_t_14,0.006517871568758437,0.009650623482164647,0.616513633447679
identical-target-profile sensitivity,excluded,Random Forest,,RAW_VALUE_t_15,0.006460555145524802,0.009228329918436475,0.6617935437520259
identical-target-profile sensitivity,excluded,Random Forest,,RAW_VALUE_t_16,0.006642109524230394,0.009669646356665187,0.6170025068358473
identical-target-profile sensitivity,excluded,Random Forest,,RAW_VALUE_t_17,0.005684163803664973,0.008429223768406291,0.5832613010466172
